Item ID,Custom Label,Product ID Type,Product ID Value,Product ID Value 2,Quantity Available,High Bid,Bids,Watchers,Price,Start Date,End Date,Condition,Type,Item Title,Category Leaf Name,Category Number,Private Notes,Site Listed,Status,Download Date,Product Reference ID
381818800897,1063016,,,,0,,0,0,$110.06,Oct-18-16,Dec-13-16,,9,"3D MAXpider L1MZ01701501 Floor Mats 4PC 1ST ROW 2ND ROW 3RD ROW-GRAY","Floor Mats & Carpets",33697,,100,Unsold,Dec-14-16,
310321864906,22752,,,,20,,2,7,$305.10,May-27-11,Dec-13-16,,9,"SPEC SF30S Steel Flywheel fit Ford Focus 02-04 2.0L","Flywheels, Flexplates, & Parts",33732,,100,Unsold,Dec-14-16,
310321830185,19605,,,,20,,4,3,$429.30,May-27-11,Dec-13-16,,9,"SPEC SF30A Aluminum Flywheel fit Ford Focus 02-04 2.0L","Flywheels, Flexplates, & Parts",33732,,100,Unsold,Dec-14-16,
130709037964,257886,,,,0,,0,0,$12.73,Jun-07-12,Dec-13-16,,9,"Sherman 900-177L Left Hand Upper Sidemarker Reflector-2Pc Signal N W",Other,42611,,100,Unsold,Dec-14-16,
381369641555,796180,,,,0,,0,0,"$3,460.20",Aug-21-15,Dec-13-16,,9,"Magnaflow 60606 49 State Catalytic Converter- Rear fit Dodge Ram 10-16 6.7L",Other,42610,,100,Unsold,Dec-14-16,
311407660241,731490,,,,0,,0,0,$18.72,Jul-22-15,Dec-13-16,,9,"Centric 118.43005 Hardware Kit","Drums & Hardware",33565,,100,Unsold,Dec-14-16,
310221299233,93128,,,,0,,0,0,$263.99,May-19-10,Dec-13-16,,9,"K&N 69-8754TP Typhoon Intake fit Toyota Corolla 01-07 1.6L Avensis 03-08 1.6L","Air Intake Systems",38634,,100,Unsold,Dec-14-16,
131939196200,558419,,,,0,,0,0,$202.66,Sep-14-16,Dec-13-16,,9,"Bosal 175-041 Rear Exhaust Muffler fit Mercedes Benz 450 73-76 L8 4.5L 4520cc",Other,42610,,100,Unsold,Dec-14-16,
131939196211,868287,,,,0,,0,0,$17.18,Sep-14-16,Dec-13-16,,9,"i3 LBBW1157T20352868SMDP By15 68pc 3528 LED Light Bulb - Pink",Other,172518,,100,Unsold,Dec-14-16,
311698187812,557465,,,,0,,0,0,$107.97,Sep-14-16,Dec-13-16,,9,"Bosal 154-009 Rear Exhaust Muffler fit Ford Escort 91-96 L4 1.9L -cc",Other,42610,,100,Unsold,Dec-14-16,
311698187828,556250,,,,0,,0,0,$3.38,Sep-14-16,Dec-13-16,,9,"Bosal 251-303 Exhaust System Hanger fit Mazda 626 86-87 L4 2.0L 1998cc","Hangers, Clamps & Flanges",33634,,100,Unsold,Dec-14-16,
311698187830,681534,,,,0,,0,0,$3.77,Sep-14-16,Dec-13-16,,9,"Sealed Power RP-3278 Engine Push Rod fit Chrysler Fifth Avenue 89-89 L8 5.2L -cc","Cylinder Heads & Parts",33617,,100,Unsold,Dec-14-16,
311698187832,559479,,,,0,,0,0,$131.84,Sep-14-16,Dec-13-16,,9,"Bosal 099-232 Catalytic Converter fit Ford Festiva 88-89 L4 1.3L 1295cc",Other,42610,,100,Unsold,Dec-14-16,
381772251618,557795,,,,0,,0,0,$129.71,Sep-14-16,Dec-13-16,,9,"Bosal 290-007 Center Exhaust Resonator Pipe fit Lexus ES 330 04-06 3.3L 3300cc",Other,42610,,100,Unsold,Dec-14-16,
381772251622,557292,,,,0,,0,0,$95.03,Sep-14-16,Dec-13-16,,9,"Bosal 171-365 Center Exhaust Resonator Pipe fit Mazda 626 86-87 L4 2.0L 1998cc",Other,42610,,100,Unsold,Dec-14-16,
381772251623,557844,,,,0,,0,0,$290.89,Sep-14-16,Dec-13-16,,9,"Bosal 278-359 Center Exhaust Resonator Pipe fit Mercedes Benz 300 86-86 3.0L",Other,42610,,100,Unsold,Dec-14-16,
381772251624,557642,,,,0,,0,0,$90.34,Sep-14-16,Dec-13-16,,9,"Bosal 163-001 Left Exhaust Muffler fit Honda Accord 03-05 L6 3.0L 2977cc",Other,42610,,100,Unsold,Dec-14-16,
381772251628,868599,,,,0,,0,0,$7.65,Sep-14-16,Dec-13-16,,9,"i3 LBBWFTS85352812SMD31MMWW 31mm Festoon 12pc 3528 LED Light Bulb - Warm White",Other,172518,,100,Unsold,Dec-14-16,
131939196213,559682,,,,0,,0,0,$209.82,Sep-14-16,Dec-13-16,,9,"Bosal 099-7741 Rear Catalytic Converter fit Suzuki Esteem 95-95 L4 1.6L 1590cc",Other,42610,,100,Unsold,Dec-14-16,
131939196215,867321,,,,0,,0,0,$10.35,Sep-14-16,Dec-13-16,,9,"i3 EM300CCHRYSLER Front Grille Emblem - Chrysler Logo fit Chrysler 300",Grilles,33645,,100,Unsold,Dec-14-16,
131939196222,868541,,,,0,,0,0,$6.45,Sep-14-16,Dec-13-16,,9,"i3 LBBWFTS1035286SMD36MMA 36mm Festoon 6pc 3528 LED Light Bulb - Amber",Other,172518,,100,Unsold,Dec-14-16,
381772251629,559522,,,,0,,0,0,$234.66,Sep-14-16,Dec-13-16,,9,"Bosal 099-3091 Front Left Catalytic Converter fit Mazda 929 92-95 L6 3.0L 2954cc",Other,42610,,100,Unsold,Dec-14-16,
381772251632,558576,,,,0,,0,0,$205.05,Sep-14-16,Dec-13-16,,9,"Bosal 079-3087 Catalytic Converter fit Dodge Durango 99-99 L6 3.9L 3906cc",Other,42610,,100,Unsold,Dec-14-16,
131939196234,868363,,,,0,,0,0,$10.35,Sep-14-16,Dec-13-16,,9,"i3 LBBW1157T25SF13LEDWW By15 13pc Super Flux LED Light Bulb - Warm White",Other,172518,,100,Unsold,Dec-14-16,
311698187881,868373,,,,0,,0,0,$16.20,Sep-14-16,Dec-13-16,,9,"i3 LBBW3156T20352854SMDG 3156 54pc 3528 LED Light Bulb - Green",Other,172518,,100,Unsold,Dec-14-16,
381772251642,868194,,,,0,,0,0,$7.43,Sep-14-16,Dec-13-16,,9,"i3 lbbw1156t184.8mm9ledr B15 9pc 4.8mm LED Light Bulb - Red",Other,172518,,100,Unsold,Dec-14-16,
381772251645,868409,,,,0,,0,0,$13.63,Sep-14-16,Dec-13-16,,9,"i3 LBBW3157T20352845SMDG 3157 45pc 3528 LED Light Bulb - Green",Other,172518,,100,Unsold,Dec-14-16,
381772251650,868412,,,,0,,0,0,$14.25,Sep-14-16,Dec-13-16,,9,"i3 LBBW3157T20352845SMDV 3157 45pc 3528 LED Light Bulb - Violet",Other,172518,,100,Unsold,Dec-14-16,
381772251652,868423,,,,0,,0,0,$16.20,Sep-14-16,Dec-13-16,,9,"i3 LBBW3157T20352868SMDV 3157 68pc 3528 LED Light Bulb - Violet",Other,172518,,100,Unsold,Dec-14-16,
381772251654,867124,,,,0,,0,0,$69.75,Sep-14-16,Dec-13-16,,9,"i3 fggggra401rsch Honeycomb Mesh Style ABS Front Grille - Chrome fit Audi A4",Grilles,33645,,100,Unsold,Dec-14-16,
381772251657,867681,,,,0,,0,0,$107.96,Sep-14-16,Dec-13-16,,9,"i3 fgggventrover06ch Fender Vent Grille - Chrome fit Land Rover Range Rover",Grilles,33645,,100,Unsold,Dec-14-16,
131939196239,868429,,,,0,,0,0,$16.20,Sep-14-16,Dec-13-16,,9,"i3 LBBW3157T203N5MM48LEDG 3157 48pc 3 & 5mm LED Light Bulb - Green",Other,172518,,100,Unsold,Dec-14-16,
131939196242,867153,,,,0,,0,0,$163.60,Sep-14-16,Dec-13-16,,9,"i3 sbhdpilot03bk 3in Side Step Bar - Black fit Acura MDX 01-06 fit Honda Pilot","Nerf Bars & Running Boards",33650,,100,Unsold,Dec-14-16,
131939196243,868465,,,,0,,0,0,$8.40,Sep-14-16,Dec-13-16,,9,"i3 LBBW3157T254.8MM19LEDB Wedge 19pc 4.8mm LED Light Bulb - Blue",Other,172518,,100,Unsold,Dec-14-16,
131939196244,868522,,,,0,,0,0,$15.65,Sep-14-16,Dec-13-16,,9,"i3 LBBW7443T20352868SMDY 7443 68pc 3528 LED Light Bulb - Yellow",Other,172518,,100,Unsold,Dec-14-16,
131939196245,868272,,,,0,,0,0,$9.38,Sep-14-16,Dec-13-16,,9,"i3 LBBW1157T20302022SMDW By15 22pc 3020 LED Light Bulb - White",Other,172518,,100,Unsold,Dec-14-16,
131939196248,867627,,,,0,,0,0,$79.40,Sep-14-16,Dec-13-16,,9,"i3 wlmus05v2absbk RS ABS Quarter Side Window Louvers - Black fit Ford Mustang","Mouldings & Trim",33654,,100,Unsold,Dec-14-16,
131939196251,868147,,,,0,,0,0,$333.60,Sep-14-16,Dec-13-16,,9,"i3 sbhdf15015cc6bbkwb 6Inch Oval Bent End Side Bar - Black fit Ford F-Series","Nerf Bars & Running Boards",33650,,100,Unsold,Dec-14-16,
131939196252,868677,,,,0,,0,0,$9.38,Sep-14-16,Dec-13-16,,9,"i3 LBBWWGT10302020SMDW Wedge 20pc 3020 LED Light Bulb - White",Other,172518,,100,Unsold,Dec-14-16,
131939196256,867754,,,,0,,0,0,$327.50,Sep-14-16,Dec-13-16,,9,"i3 ffsie072500sb4pes Pocket Style 4pc Fender Flare - Sand Black fit GMC Sierra",Fenders,33644,,100,Unsold,Dec-14-16,
311698187899,868245,,,,0,,0,0,$13.28,Sep-14-16,Dec-13-16,,9,"i3 lbbw1156t253n5mm36leda B15 36pc 3mm And 5mm Combine LED Light Bulb - Amber",Other,172518,,100,Unsold,Dec-14-16,
311698187901,868823,,,,0,,0,0,$174.20,Sep-14-16,Dec-13-16,,9,"i3 rssppvcorgr Type S Racing Seat Orange Orange Stitches Right Side - Leather",Seats,33701,,100,Unsold,Dec-14-16,
311698187902,867281,,,,0,,0,0,$87.25,Sep-14-16,Dec-13-16,,9,"i3 fgggventrover03ch Fender Vent Grille - Chrome fit Land Rover Range Rover",Grilles,33645,,100,Unsold,Dec-14-16,
311698187905,868366,,,,0,,0,0,$10.80,Sep-14-16,Dec-13-16,,9,"i3 LBBW30CM505015SMDG 30cm Waterproof Flexible LED Strip w/15pc 5050 LED - Green",Other,172518,,100,Unsold,Dec-14-16,
311698187906,868619,,,,0,,0,0,$8.40,Sep-14-16,Dec-13-16,,9,"i3 LBBWFTS85352816SMD41MMA 41mm Festoon 16pc 3528 LED Light Bulb - Amber",Other,172518,,100,Unsold,Dec-14-16,
311698187907,868694,,,,0,,0,0,$7.65,Sep-14-16,Dec-13-16,,9,"i3 LBBWWGT10352810SMDA Wedge 10pc 3528 LED Light Bulb - Amber",Other,172518,,100,Unsold,Dec-14-16,
311698187908,867375,,,,0,,0,0,$217.20,Sep-14-16,Dec-13-16,,9,"i3 sbhdf15004cc20ch 3in Stainless Steel 201 Side Step Bar - Chrome","Nerf Bars & Running Boards",33650,,100,Unsold,Dec-14-16,
311698187910,868768,,,,0,,0,0,$7.43,Sep-14-16,Dec-13-16,,9,"i3 LBBWWGT1050505SMDV Wedge 5pc 5050 LED Light Bulb - Violet",Other,172518,,100,Unsold,Dec-14-16,
311698187911,316188,,,,0,,0,0,$132.00,Sep-14-16,Dec-13-16,,9,"HPS 57-1037-BLUE Blue Silicone Radiator Hose Kit Coolant OEM Replacement","Radiators & Parts",33602,,100,Unsold,Dec-14-16,
311698187912,867216,,,,0,,0,0,$180.60,Sep-14-16,Dec-13-16,,9,"i3 sbhdenvo02xlsb 3in Side Step Bar - Graphite Black fit GMC Envoy 02-10","Nerf Bars & Running Boards",33650,,100,Unsold,Dec-14-16,
381772251661,868338,,,,0,,0,0,$20.10,Sep-14-16,Dec-13-16,,9,"i3 LBBW1157T253N5MM63LEDW By15 63pc 3mm And 5mm Combine LED Light Bulb - White",Other,172518,,100,Unsold,Dec-14-16,
381772251668,868464,,,,0,,0,0,$8.40,Sep-14-16,Dec-13-16,,9,"i3 lbbw3157t254.8mm19leda Wedge 19pc 4.8mm LED Light Bulb - Amber",Other,172518,,100,Unsold,Dec-14-16,
381772251669,868222,,,,0,,0,0,$11.85,Sep-14-16,Dec-13-16,,9,"i3 lbbw1156t20505013smdw B15 13pc LED Light Bulb - White",Other,172518,,100,Unsold,Dec-14-16,
381772251670,868145,,,,0,,0,0,$316.40,Sep-14-16,Dec-13-16,,9,"i3 sbhdf15015cc5bbkwb 5Inch Oval Bent End Step Bar - Black fit Ford F-Series","Nerf Bars & Running Boards",33650,,100,Unsold,Dec-14-16,
381772251671,868430,,,,0,,0,0,$15.65,Sep-14-16,Dec-13-16,,9,"i3 LBBW3157T203N5MM48LEDP 3157 48pc 3 & 5mm LED Light Bulb - Pink",Other,172518,,100,Unsold,Dec-14-16,
381772251673,868367,,,,0,,0,0,$10.80,Sep-14-16,Dec-13-16,,9,"i3 LBBW30CM505015SMDP 30cm Waterproof Flexible LED Strip w/15pc 5050 LED - Pink",Other,172518,,100,Unsold,Dec-14-16,
381772251674,868764,,,,0,,0,0,$9.75,Sep-14-16,Dec-13-16,,9,"i3 LBBWWGT1050505SMDTV Wedge 5pc 5050 High Power LED Light Bulb - Violet",Other,172518,,100,Unsold,Dec-14-16,
381772251677,556805,,,,0,,0,0,$34.51,Sep-14-16,Dec-13-16,,9,"Bosal 786-945 Exhaust Pipe fit Nissan/Datsun 300ZX 86-89 L6 3.0L 2960cc",Other,42610,,100,Unsold,Dec-14-16,
381772251681,868849,,,,0,,0,0,$163.10,Sep-14-16,Dec-13-16,,9,"i3 rstsbkyll Type T Sport Series-Black/Yellow - Left Sport Seat - Indy",Seats,33701,,100,Unsold,Dec-14-16,
131939196254,557345,,,,0,,0,0,$52.44,Sep-14-16,Dec-13-16,,9,"Bosal 839-125 Exhaust Pipe fit Dodge Colt 89-92 L4 1.5L 1468cc fit Plymouth Colt",Other,42610,,100,Unsold,Dec-14-16,
131939196266,867837,,,,0,,0,0,$248.80,Sep-14-16,Dec-13-16,,9,"i3 sbhdsil07xc6bkwb 6in Oval Straight Side Bar - Rock Panel Mount - Black","Nerf Bars & Running Boards",33650,,100,Unsold,Dec-14-16,
131939196267,635905,,,,0,,0,0,$58.59,Sep-14-16,Dec-13-16,,9,"Victor Technologies 0387-0021 #1  350 Series Welding Nozzle","Other Auto Tools & Supplies",43998,,100,Unsold,Dec-14-16,
131939196270,867705,,,,0,,0,0,$190.80,Sep-14-16,Dec-13-16,,9,"i3 sbhdrav4065mb 5in Oval Side Step Bar - Matte Black fit Toyota Rav 4","Nerf Bars & Running Boards",33650,,100,Unsold,Dec-14-16,
131939196272,558280,,,,0,,0,0,$144.43,Sep-14-16,Dec-13-16,,9,"Bosal 284-299 Center Exhaust Resonator Pipe fit Honda Prelude 97-01 2.2L 2156cc",Other,42610,,100,Unsold,Dec-14-16,
131939196274,867396,,,,0,,0,0,$199.60,Sep-14-16,Dec-13-16,,9,"i3 sbhdf15004sc20ch 3in Stainless Steel 201 Side Step Bar - Chrome","Nerf Bars & Running Boards",33650,,100,Unsold,Dec-14-16,
131939196279,249671,,,,0,,0,0,$293.21,Sep-14-16,Dec-13-16,,9,"Sherman 675-31R Right Hand Fender fit Cadillac SRX 04-09",Fenders,33644,,100,Unsold,Dec-14-16,
311698187916,868024,,,,0,,0,0,$165.20,Sep-14-16,Dec-13-16,,9,"i3 bghdsien11sb Bull Guard - Graphite Black fit Toyota Sienna 10-11",Grilles,33645,,100,Unsold,Dec-14-16,
311698187917,867540,,,,0,,0,0,$162.80,Sep-14-16,Dec-13-16,,9,"i3 sbhddak05xcbk 3in Stainless Steel Side Step Bar - Black fit Dodge Dakota","Nerf Bars & Running Boards",33650,,100,Unsold,Dec-14-16,
311698187921,868148,,,,0,,0,0,$325.80,Sep-14-16,Dec-13-16,,9,"i3 sbhdf15015cc6bkwb 6Inch Oval Straight Step Bar - Black fit Ford F-Series","Nerf Bars & Running Boards",33650,,100,Unsold,Dec-14-16,
311698187923,868730,,,,0,,0,0,$6.45,Sep-14-16,Dec-13-16,,9,"i3 LBBWWGT103MM7LEDA Wedge 7pc 3mm LED Light Bulb - Amber",Other,172518,,100,Unsold,Dec-14-16,
311698187924,868099,,,,0,,0,0,$168.80,Sep-14-16,Dec-13-16,,9,"i3 sbhdjgc11bk 3in Side Step Bar - Black fit Jeep Grand Cherokee 11-13","Nerf Bars & Running Boards",33650,,100,Unsold,Dec-14-16,
311698187925,686383,,,,0,,0,0,"$1,478.57",Sep-14-16,Dec-13-16,,9,"Kooks 11222300 1 3/4"" x 1 7/8"" x 3"" Steel Longtube Headers w/ 1pr 24"" 02","Exhaust Manifolds & Headers",33632,,100,Unsold,Dec-14-16,
381772251682,557283,,,,0,,0,0,$96.01,Sep-14-16,Dec-13-16,,9,"Bosal 154-013 Rear Exhaust Muffler fit Ford Escort 92-96 L4 1.9L -cc",Other,42610,,100,Unsold,Dec-14-16,
381772251694,867205,,,,0,,0,0,$171.40,Sep-14-16,Dec-13-16,,9,"i3 sbhdcrv0220ch Stainless Steel 201 Side Step Bar - Chrome fit Honda CR-V","Nerf Bars & Running Boards",33650,,100,Unsold,Dec-14-16,
381772251698,867815,,,,0,,0,0,$315.60,Sep-14-16,Dec-13-16,,9,"i3 sbhdsil07cc5bwbkwb 5in Oval Bent Wheel To Wheel Side Bar  Panel Mount - Black","Nerf Bars & Running Boards",33650,,100,Unsold,Dec-14-16,
381772251702,867826,,,,0,,0,0,$176.40,Sep-14-16,Dec-13-16,,9,"i3 sbhdsil07rc5bkwb 5Inch Oval Straight Side Bar - Rock Panel Mount - Black","Nerf Bars & Running Boards",33650,,100,Unsold,Dec-14-16,
131939196280,867651,,,,0,,0,0,$62.88,Sep-14-16,Dec-13-16,,9,"i3 fgciv064doetcch Factory Style Front Grille Plastic Trim Molding Cover",Grilles,33645,,100,Unsold,Dec-14-16,
131939196282,867946,,,,0,,0,0,$166.40,Sep-14-16,Dec-13-16,,9,"i3 sbhdrog08bk 3in Side Step Bar - Black fit Nissan/Datsun Rogue 08-10","Nerf Bars & Running Boards",33650,,100,Unsold,Dec-14-16,
131939196288,559482,,,,0,,0,0,$132.02,Sep-14-16,Dec-13-16,,9,"Bosal 099-2341 Catalytic Converter fit Honda Odyssey 95-95 L4 2.2L 2156cc",Other,42610,,100,Unsold,Dec-14-16,
311698187927,686732,,,,0,,0,0,"$1,153.95",Sep-14-16,Dec-13-16,,9,"Kooks 31002600 2in x 3in Stainless Steel Longtube Headers fit Chrysler 300","Exhaust Manifolds & Headers",33632,,100,Unsold,Dec-14-16,
311698187931,459225,,,,0,,0,0,$929.99,Sep-14-16,Dec-13-16,,9,"MBRP S5038304 3"" Cat Back  Dual Split Side - T304 fit Chevrolet Silverado","Exhaust Systems",33630,,100,Unsold,Dec-14-16,
311698187937,866798,,,,0,,0,0,$32.25,Sep-14-16,Dec-13-16,,9,"i3 fgacc94ambk Type-R Mesh Style ABS Grille - Black fit Honda Accord 94-97",Grilles,33645,,100,Unsold,Dec-14-16,
311698187938,257465,,,,0,,0,0,$12.55,Sep-14-16,Dec-13-16,,9,"Sherman 901-504R Right Hand Tailgate Cable W/Metal Bed fit Chevrolet Silverado",Other,42611,,100,Unsold,Dec-14-16,
311698187940,559722,,,,0,,0,0,$131.78,Sep-14-16,Dec-13-16,,9,"Bosal 099-962 Catalytic Converter fit Yugo GV 86-89 1.1L 1116cc GVL 1.1L 1116cc",Other,42610,,100,Unsold,Dec-14-16,
311698187942,867656,,,,0,,0,0,$171.23,Sep-14-16,Dec-13-16,,9,"i3 fggggrarover06spmechbk Honey Comb Mesh Grille - Chrome/Black",Grilles,33645,,100,Unsold,Dec-14-16,
381772251700,556306,,,,0,,0,0,$3.98,Sep-14-16,Dec-13-16,,9,"Bosal 255-044 Exhaust System Hanger fit Dodge Raider 89-89 3.0L Ram 2.0L","Hangers, Clamps & Flanges",33634,,100,Unsold,Dec-14-16,
381772251706,611912,,,,0,,0,0,$11.86,Sep-14-16,Dec-13-16,,9,"Wagner Brake H5745 Disc Brake Hardware Kit","Discs, Rotors & Hardware",33564,,100,Unsold,Dec-14-16,
381772251708,459602,,,,0,,0,0,$714.99,Sep-14-16,Dec-13-16,,9,"MBRP S6222TD 5"" Turbo Back  Off-Road  Single Turn Down - T409 fit Ford F-Series","Exhaust Manifolds & Headers",33632,,100,Unsold,Dec-14-16,
381772251710,559712,,,,0,,0,0,$100.54,Sep-14-16,Dec-13-16,,9,"Bosal 099-919 Catalytic Converter fit Volkswagen Golf 93-98 L4 1.9L 1896cc",Other,42610,,100,Unsold,Dec-14-16,
381772251716,559606,,,,0,,0,0,$140.58,Sep-14-16,Dec-13-16,,9,"Bosal 099-436 Catalytic Converter fit Eagle Medallion 88-89 L4 2.2L 2163cc",Other,42610,,100,Unsold,Dec-14-16,
381772251717,867748,,,,0,,0,0,$296.00,Sep-14-16,Dec-13-16,,9,"i3 ffsie071500lbsb4pes Pocket Style 4pc Fender Flare - Sand Black fit GMC Sierra",Fenders,33644,,100,Unsold,Dec-14-16,
381772251727,868601,,,,0,,0,0,$7.65,Sep-14-16,Dec-13-16,,9,"i3 LBBWFTS85352812SMD39MMA 39mm Festoon 12pc 3528 LED Light Bulb - Amber",Other,172518,,100,Unsold,Dec-14-16,
131939196306,867688,,,,0,,0,0,$31.00,Sep-14-16,Dec-13-16,,9,"i3 fggolf06fcoebk Factory Style ABS Fog Light Cover - Black fit Volkswagen Golf",Grilles,33645,,100,Unsold,Dec-14-16,
131939196311,868736,,,,0,,0,0,$6.45,Sep-14-16,Dec-13-16,,9,"i3 lbbwwgt103mm7ledw Wedge 7pc 3mm LED Light Bulb - White",Other,172518,,100,Unsold,Dec-14-16,
131939196313,868476,,,,0,,0,0,$15.23,Sep-14-16,Dec-13-16,,9,"i3 LBBW50CM505030SMDR 50cm Waterproof Flexible LED Strip w/30pc 5050 LED - Red",Other,172518,,100,Unsold,Dec-14-16,
131939196322,868264,,,,0,,0,0,$8.40,Sep-14-16,Dec-13-16,,9,"i3 LBBW1156T2550506SMDB B15 6pc 5050 LED Light Bulb - Blue",Other,172518,,100,Unsold,Dec-14-16,
311698187946,868727,,,,0,,0,0,$6.45,Sep-14-16,Dec-13-16,,9,"i3 lbbwwgt103mm6ledw Wedge 6pc 3mm LED Light Bulb - White",Other,172518,,100,Unsold,Dec-14-16,
311698187954,868466,,,,0,,0,0,$8.40,Sep-14-16,Dec-13-16,,9,"i3 LBBW3157T254.8MM19LEDG 3157 19pc 4.8mm LED Light Bulb - Green",Other,172518,,100,Unsold,Dec-14-16,
311698187956,868389,,,,0,,0,0,$8.70,Sep-14-16,Dec-13-16,,9,"i3 LBBW3157T20302015SMDA 3157 15pc 3020 LED Light Bulb - Amber",Other,172518,,100,Unsold,Dec-14-16,
311698187964,867209,,,,0,,0,0,$173.40,Sep-14-16,Dec-13-16,,9,"i3 sbhdenvo0220ch 3in Stainless Steel Side Step Bar - Chrome fit GMC Envoy","Nerf Bars & Running Boards",33650,,100,Unsold,Dec-14-16,
311698187970,867175,,,,0,,0,0,$173.15,Sep-14-16,Dec-13-16,,9,"i3 bghdenvo02bk Bull Guard  fit Chevrolet Trail Blazer 02-08 fit GMC Envoy",Grilles,33645,,100,Unsold,Dec-14-16,
311698187982,867542,,,,0,,0,0,$178.50,Sep-14-16,Dec-13-16,,9,"i3 sbhdequi05bkwb Side Step Bar - Black fit Chevrolet Equinox 05-09","Nerf Bars & Running Boards",33650,,100,Unsold,Dec-14-16,
311698187984,558542,,,,0,,0,0,$206.81,Sep-14-16,Dec-13-16,,9,"Bosal 079-3052 Rear Catalytic Converter fit Chrysler Concorde 93-97 3.5L 3497cc",Other,42610,,100,Unsold,Dec-14-16,
381772251714,459689,,,,0,,0,0,$804.99,Sep-14-16,Dec-13-16,,9,"MBRP S7270304 Cat Back  Dual Split Rear  Race Version  4"" Tips - T304","Exhaust Systems",33630,,100,Unsold,Dec-14-16,
381772251715,868267,,,,0,,0,0,$8.70,Sep-14-16,Dec-13-16,,9,"i3 lbbw1156t2550506smdw B15 6pc 5050 LED Light Bulb - White",Other,172518,,100,Unsold,Dec-14-16,
381772251724,867370,,,,0,,0,0,$167.20,Sep-14-16,Dec-13-16,,9,"i3 sbhdcolo04xcsb 3in Side Step Bar - Sand Black fit Chevrolet Colorado","Nerf Bars & Running Boards",33650,,100,Unsold,Dec-14-16,
381772251730,867127,,,,0,,0,0,$55.75,Sep-14-16,Dec-13-16,,9,"i3 fggggrzis300vtch Vertical Style ABS Front Grille - Chrome fit Lexus IS 200",Grilles,33645,,100,Unsold,Dec-14-16,
381772251736,557503,,,,0,,0,0,$149.85,Sep-14-16,Dec-13-16,,9,"Bosal 283-227 Center Exhaust Resonator Pipe fit Eagle Talon 93-94 L4 1.8L 1755cc",Other,42610,,100,Unsold,Dec-14-16,
381772251743,868441,,,,0,,0,0,$13.28,Sep-14-16,Dec-13-16,,9,"i3 LBBW3157T20505018SMDV 3157 18pc 5050 LED Light Bulb - Violet",Other,172518,,100,Unsold,Dec-14-16,
381772251746,867208,,,,0,,0,0,$164.00,Sep-14-16,Dec-13-16,,9,"i3 sbhdcrv02bk Side Step Bar - Black fit Honda CR-V 02-06","Nerf Bars & Running Boards",33650,,100,Unsold,Dec-14-16,
131939196330,868407,,,,0,,0,0,$14.25,Sep-14-16,Dec-13-16,,9,"i3 LBBW3157T20352845SMDA 3157 45pc 3528 LED Light Bulb - Amber",Other,172518,,100,Unsold,Dec-14-16,
131939196331,867185,,,,0,,0,0,$287.73,Sep-14-16,Dec-13-16,,9,"i3 ffram02pb4p Pocket Style 4pc Fender Flare - Black fit Dodge Ram 02-05",Fenders,33644,,100,Unsold,Dec-14-16,
131939196332,867220,,,,0,,0,0,$194.20,Sep-14-16,Dec-13-16,,9,"i3 sbhdexpl024dsb 3in Side Step Bar - Graphite Black fit Ford Explorer","Nerf Bars & Running Boards",33650,,100,Unsold,Dec-14-16,
131939196334,250426,,,,0,,0,0,$25.75,Sep-14-16,Dec-13-16,,9,"Sherman 690-195 Back-Up Lamp fit GMC Envoy 02-09 Jimmy 02-09 Pontiac Solstice",Other,42611,,100,Unsold,Dec-14-16,
131939196336,866780,,,,0,,0,0,$192.90,Sep-14-16,Dec-13-16,,9,"i3 sbhdsub9220ch 3in 201 Stainless Steel Step Bar  fit Chevrolet Suburban","Nerf Bars & Running Boards",33650,,100,Unsold,Dec-14-16,
311698187959,867183,,,,0,,0,0,$6.45,Sep-14-16,Dec-13-16,,9,"i3 emesc02lf Front Grille Factory Style Emblem Leaf Surrounding - Chrome",Grilles,33645,,100,Unsold,Dec-14-16,
311698187988,868783,,,,0,,0,0,$5.48,Sep-14-16,Dec-13-16,,9,"i3 LBBWWGT550501SMDB Wedge 1pc 5050 LED Light Bulb - Blue",Other,172518,,100,Unsold,Dec-14-16,
311698187990,868126,,,,0,,0,0,$332.25,Sep-14-16,Dec-13-16,,9,"i3 ffsil14sbpb4p Pocket Style 4pc Fender Flare - Black fit Chevrolet Silverado",Fenders,33644,,100,Unsold,Dec-14-16,
311698187993,867977,,,,0,,0,0,$242.95,Sep-14-16,Dec-13-16,,9,"i3 fggggrzvf15009vtch Vertical Front Grille - Chrome fit Ford F-Series",Grilles,33645,,100,Unsold,Dec-14-16,
311698187994,867360,,,,0,,0,0,$158.20,Sep-14-16,Dec-13-16,,9,"i3 sbhdcolo04rc4sb 4in Side Step Bar - Sand Black fit Chevrolet Colorado","Nerf Bars & Running Boards",33650,,100,Unsold,Dec-14-16,
311698188001,316248,,,,0,,0,0,$132.00,Sep-14-16,Dec-13-16,,9,"HPS 57-1037-RED Red Silicone Radiator Hose Kit Coolant OEM Replacement","Radiators & Parts",33602,,100,Unsold,Dec-14-16,
311698188007,866894,,,,0,,0,0,$179.00,Sep-14-16,Dec-13-16,,9,"i3 sbhddur984d20ch 3in Stainless Steel Side Step Bar - Chrome fit Dodge Durango","Nerf Bars & Running Boards",33650,,100,Unsold,Dec-14-16,
311698188016,557253,,,,0,,0,0,$127.31,Sep-14-16,Dec-13-16,,9,"Bosal 887-141 Front Exhaust Pipe fit Nissan/Datsun Pulsar NX 88-89 1.8L 1809cc",Other,42610,,100,Unsold,Dec-14-16,
381772251749,557013,,,,0,,0,0,$84.38,Sep-14-16,Dec-13-16,,9,"Bosal 786-763 Front Exhaust Pipe fit Saab 900 86-90 L4 2.0L 1985cc",Other,42610,,100,Unsold,Dec-14-16,
381772251752,868393,,,,0,,0,0,$8.40,Sep-14-16,Dec-13-16,,9,"i3 LBBW3157T20302015SMDR 3157 15pc 3020 LED Light Bulb - Red",Other,172518,,100,Unsold,Dec-14-16,
381772251756,868557,,,,0,,0,0,$6.45,Sep-14-16,Dec-13-16,,9,"i3 LBBWFTS103MM4LED31MMWW 31mm Festoon 4pc 3mm LED Light Bulb - Warm White",Other,172518,,100,Unsold,Dec-14-16,
381772251757,868660,,,,0,,0,0,$6.60,Sep-14-16,Dec-13-16,,9,"i3 LBBWWGT1012068SMDWW Wedge 8pc 1206 LED Light Bulb - Warm White",Other,172518,,100,Unsold,Dec-14-16,
381772251759,686450,,,,0,,0,0,$828.23,Sep-14-16,Dec-13-16,,9,"Kooks 11413530 3in x 3in OEM Exhaust Catted H Pipe Steel fit Ford Mustang","Exhaust Pipes & Tips",33633,,100,Unsold,Dec-14-16,
381772251760,868782,,,,0,,0,0,$5.48,Sep-14-16,Dec-13-16,,9,"i3 LBBWWGT550501SMDA Wedge 1pc 5050 LED Light Bulb - Amber",Other,172518,,100,Unsold,Dec-14-16,
381772251761,868315,,,,0,,0,0,$16.20,Sep-14-16,Dec-13-16,,9,"i3 LBBW1157T25352860SMDWW By15 60pc 3528 LED Light Bulb - Warm White",Other,172518,,100,Unsold,Dec-14-16,
381772251762,868442,,,,0,,0,0,$13.28,Sep-14-16,Dec-13-16,,9,"i3 lbbw3157t20505018smdw Wedge 18pc 5050 LED Light Bulb - White",Other,172518,,100,Unsold,Dec-14-16,
381772251763,867126,,,,0,,0,0,$54.13,Sep-14-16,Dec-13-16,,9,"i3 fggggrzis300vtbk Vertical Style ABS Front Grille - Black fit Lexus IS 200",Grilles,33645,,100,Unsold,Dec-14-16,
381772251764,868452,,,,0,,0,0,$21.73,Sep-14-16,Dec-13-16,,9,"i3 LBBW3157T25352840SMDW Wedge 40pc 3528 LED 5 Arms Light Bulb - White",Other,172518,,100,Unsold,Dec-14-16,
381772251768,868626,,,,0,,0,0,$8.40,Sep-14-16,Dec-13-16,,9,"i3 LBBWFTS85352816SMD41MMWW 41mm Festoon 16pc 3528 LED Light Bulb - Warm White",Other,172518,,100,Unsold,Dec-14-16,
131939196338,459779,,,,0,,0,0,$29.99,Sep-14-16,Dec-13-16,,9,"MBRP T5134 Exhaust Tip 4"" OD 2.25"" Inlet 16"" Length Angled Cut Rolled End Weld","Exhaust Pipes & Tips",33633,,100,Unsold,Dec-14-16,
131939196346,868760,,,,0,,0,0,$9.38,Sep-14-16,Dec-13-16,,9,"i3 LBBWWGT1050505SMDTB Wedge 5pc 5050 High Power LED Light Bulb - Blue",Other,172518,,100,Unsold,Dec-14-16,
131939196355,867695,,,,0,,0,0,$171.10,Sep-14-16,Dec-13-16,,9,"i3 sbhdh30620ch 3in Stainless Steel Side Step Bar - Chrome fit Hummer H3","Nerf Bars & Running Boards",33650,,100,Unsold,Dec-14-16,
311698188021,868761,,,,0,,0,0,$9.75,Sep-14-16,Dec-13-16,,9,"i3 LBBWWGT1050505SMDTG Wedge 5pc 5050 High Power LED Light Bulb - Green",Other,172518,,100,Unsold,Dec-14-16,
311698188028,868712,,,,0,,0,0,$5.55,Sep-14-16,Dec-13-16,,9,"i3 LBBWWGT1035284SMDA Wedge 4pc LED Light Bulb - Amber",Other,172518,,100,Unsold,Dec-14-16,
381772251772,681354,,,,0,,0,0,$12.94,Sep-14-16,Dec-13-16,,9,"Sealed Power R-1053 Engine Rocker Arm Kit fit Ford Escort 81-85 L4 1.6L 1598cc","Rocker Arms & Parts",33624,,100,Unsold,Dec-14-16,
381772251773,866937,,,,0,,0,0,$322.13,Sep-14-16,Dec-13-16,,9,"i3 fff25099pb4p Pocket Style 4pc Fender Flare - Black fit Ford F-Series",Fenders,33644,,100,Unsold,Dec-14-16,
381772251776,867832,,,,0,,0,0,$197.40,Sep-14-16,Dec-13-16,,9,"i3 sbhdsil07xc4bkwb 4in Oval Straight Side Bar - Black fit Chevrolet Silverado","Nerf Bars & Running Boards",33650,,100,Unsold,Dec-14-16,
381772251780,558626,,,,0,,0,0,$223.38,Sep-14-16,Dec-13-16,,9,"Bosal 079-3146 Front Left Catalytic Converter fit Chrysler Concorde 94-96 3.3L",Other,42610,,100,Unsold,Dec-14-16,
381772251786,868403,,,,0,,0,0,$13.28,Sep-14-16,Dec-13-16,,9,"i3 LBBW3157T20352842SMDV 3157 42pc 3528 LED Light Bulb - Violet",Other,172518,,100,Unsold,Dec-14-16,
131939196345,867052,,,,0,,0,0,$175.10,Sep-14-16,Dec-13-16,,9,"i3 sbhdsil99rc5bk 5in Steel Side Step Bar - Black fit Chevrolet Silverado","Nerf Bars & Running Boards",33650,,100,Unsold,Dec-14-16,
131939196348,867284,,,,0,,0,0,$92.13,Sep-14-16,Dec-13-16,,9,"i3 fgggventrover03v2ch Fender Vent Grille Version 2 - Chrome",Grilles,33645,,100,Unsold,Dec-14-16,
131939196352,868436,,,,0,,0,0,$12.61,Sep-14-16,Dec-13-16,,9,"i3 LBBW3157T20505018SMDA 3157 18pc 5050 LED Light Bulb - Amber",Other,172518,,100,Unsold,Dec-14-16,
131939196360,868748,,,,0,,0,0,$5.55,Sep-14-16,Dec-13-16,,9,"i3 LBBWWGT1050501SMDA Wedge 1pc 5050 LED Light Bulb - Amber",Other,172518,,100,Unsold,Dec-14-16,
131939196364,867159,,,,0,,0,0,$191.80,Sep-14-16,Dec-13-16,,9,"i3 sbhdtaco01dc20ch 3in Stainless Steel Side Step Bar - Chrome fit Toyota Tacoma","Nerf Bars & Running Boards",33650,,100,Unsold,Dec-14-16,
131939196366,868396,,,,0,,0,0,$8.70,Sep-14-16,Dec-13-16,,9,"i3 LBBW3157T20302015SMDWW 3157 15pc 3020 LED Light Bulb - Warm White",Other,172518,,100,Unsold,Dec-14-16,
131939196368,868192,,,,0,,0,0,$7.65,Sep-14-16,Dec-13-16,,9,"i3 lbbw1156t184.8mm9ledg B15 9pc 4.8mm LED Light Bulb - Green",Other,172518,,100,Unsold,Dec-14-16,
131939196376,557652,,,,0,,0,0,$84.48,Sep-14-16,Dec-13-16,,9,"Bosal 171-527 Center Exhaust Resonator Pipe fit Mazda B-Series 90-93 2.2L 2184cc",Other,42610,,100,Unsold,Dec-14-16,
131939196380,868420,,,,0,,0,0,$16.20,Sep-14-16,Dec-13-16,,9,"i3 LBBW3157T20352868SMDG 3157 68pc 3528 LED Light Bulb - Green",Other,172518,,100,Unsold,Dec-14-16,
311698188027,867571,,,,0,,0,0,$173.10,Sep-14-16,Dec-13-16,,9,"i3 sbhdridg05bk 3in Side Step Bar - Black fit Honda Ridgeline 05-10","Nerf Bars & Running Boards",33650,,100,Unsold,Dec-14-16,
311698188040,868446,,,,0,,0,0,$22.05,Sep-14-16,Dec-13-16,,9,"i3 lbbw3157t25352840smda Wedge 40pc 3528 LED 5 Arms Light Bulb - Amber",Other,172518,,100,Unsold,Dec-14-16,
311698188041,867014,,,,0,,0,0,$171.90,Sep-14-16,Dec-13-16,,9,"i3 sbhdf25099scbk 3in Stainless Steel Side Step Bar - Black fit Ford F-Series","Nerf Bars & Running Boards",33650,,100,Unsold,Dec-14-16,
311698188042,868390,,,,0,,0,0,$8.70,Sep-14-16,Dec-13-16,,9,"i3 LBBW3157T20302015SMDB 3157 15pc 3020 LED Light Bulb - Blue",Other,172518,,100,Unsold,Dec-14-16,
311698188043,867225,,,,0,,0,0,$166.40,Sep-14-16,Dec-13-16,,9,"i3 sbhdlib02bk Side Step Bar - Black fit Jeep Liberty 02-07","Nerf Bars & Running Boards",33650,,100,Unsold,Dec-14-16,
311698188044,867479,,,,0,,0,0,$278.00,Sep-14-16,Dec-13-16,,9,"i3 fffron05lbpb4pes Pocket Style 4pc Fender Flare - Polish Black",Fenders,33644,,100,Unsold,Dec-14-16,
311698188047,458991,,,,0,,0,0,$123.37,Sep-14-16,Dec-13-16,,9,"MBRP GP190425 Chambered Muffler 2.5"" ID Inlet / Dual 2.5"" Outlet 30"" Length-T409",Mufflers,33636,,100,Unsold,Dec-14-16,
311698188052,459481,,,,0,,0,0,$509.99,Sep-14-16,Dec-13-16,,9,"MBRP S6030409 5"" Filter Back  Single Side - T409 fit GMC 2500 07-10 Duramax","Exhaust Systems",33630,,100,Unsold,Dec-14-16,
381772251770,558856,,,,0,,0,0,$209.50,Sep-14-16,Dec-13-16,,9,"Bosal 079-5042 Catalytic Converter fit Oldsmobile 89-92 L6 3.3L -cc",Other,42610,,100,Unsold,Dec-14-16,
381772251788,868310,,,,0,,0,0,$12.61,Sep-14-16,Dec-13-16,,9,"i3 LBBW1157T20505018SMDY By15 18pc LED Light Bulb - Yellow",Other,172518,,100,Unsold,Dec-14-16,
381772251795,459846,,,,0,,0,0,$44.47,Sep-14-16,Dec-13-16,,9,"MBRP UM1229A Oval Muffler 3"" Offset/3"" Offset 14"" Body Perforated Core",Mufflers,33636,,100,Unsold,Dec-14-16,
381772251800,868248,,,,0,,0,0,$13.28,Sep-14-16,Dec-13-16,,9,"i3 lbbw1156t253N5mm36ledw B15 36pc 3mm And 5mm Combine LED Light Bulb - White",Other,172518,,100,Unsold,Dec-14-16,
131939196384,868257,,,,0,,0,0,$8.40,Sep-14-16,Dec-13-16,,9,"i3 lbbw1156t254.8mm19leda B15 19pc 4.8mm LED Light Bulb - Amber",Other,172518,,100,Unsold,Dec-14-16,
131939196390,868350,,,,0,,0,0,$8.40,Sep-14-16,Dec-13-16,,9,"i3 lbbw1157t254.8mm19leda By15 19pc 4.8mm LED Light Bulb - Amber",Other,172518,,100,Unsold,Dec-14-16,
131939196392,867543,,,,0,,0,0,$180.60,Sep-14-16,Dec-13-16,,9,"i3 sbhdfron05cc20ch 3in Stainless Steel Side Step Bar - Chrome","Nerf Bars & Running Boards",33650,,100,Unsold,Dec-14-16,
131939196393,867585,,,,0,,0,0,$168.40,Sep-14-16,Dec-13-16,,9,"i3 sbhdtaco05dcbk Double Cad Step Bar - Black fit Toyota Tacoma 05-09","Nerf Bars & Running Boards",33650,,100,Unsold,Dec-14-16,
311698188053,868149,,,,0,,0,0,$183.40,Sep-14-16,Dec-13-16,,9,"i3 sbhdf15015ccbkwb 3in 60 Deg Bent End Step Bar - Black fit Ford F-Series","Nerf Bars & Running Boards",33650,,100,Unsold,Dec-14-16,
311698188054,868701,,,,0,,0,0,$7.65,Sep-14-16,Dec-13-16,,9,"i3 LBBWWGT10352810SMDWW Wedge 10pc 3528 LED Light Bulb - Warm White",Other,172518,,100,Unsold,Dec-14-16,
311698188062,867371,,,,0,,0,0,$177.80,Sep-14-16,Dec-13-16,,9,"i3 sbhddur0420ch 3in Stainless Steel Side Step Bar - Chrome fit Dodge Durango","Nerf Bars & Running Boards",33650,,100,Unsold,Dec-14-16,
311698188064,867122,,,,0,,0,0,$49.25,Sep-14-16,Dec-13-16,,9,"i3 fggggra401hch Horizontal Front Grille - Chrome fit Audi A4 01-05",Grilles,33645,,100,Unsold,Dec-14-16,
381772251796,557334,,,,0,,0,0,$165.91,Sep-14-16,Dec-13-16,,9,"Bosal 753-273 Front Exhaust Pipe fit Ford Probe 96-97 2.5L 2450cc fit Mazda 626",Other,42610,,100,Unsold,Dec-14-16,
381772251799,556605,,,,0,,0,0,$4.28,Sep-14-16,Dec-13-16,,9,"Bosal 256-935 Exhaust Pipe Flange Gasket fit BMW 3-Series 80-83 L4 1.8L 1766cc",Other,42610,,100,Unsold,Dec-14-16,
381772251801,693653,,,,0,,0,0,$214.15,Sep-14-16,Dec-13-16,,9,"LuK Clutches 03-010 Clutch Kit fit BMW 3-Series 84-86 2.7L 2693cc 5-Series 2.7L","Clutches & Parts",33730,,100,Unsold,Dec-14-16,
381772251804,559685,,,,0,,0,0,$149.29,Sep-14-16,Dec-13-16,,9,"Bosal 099-792 Rear Catalytic Converter fit Subaru Loyale 90-92 L4 1.8L 1781cc",Other,42610,,100,Unsold,Dec-14-16,
381772251805,316127,,,,0,,0,0,$132.00,Sep-14-16,Dec-13-16,,9,"HPS 57-1037-BLK Black Silicone Radiator Hose Kit Coolant OEM Replacement","Radiators & Parts",33602,,100,Unsold,Dec-14-16,
381772251809,868810,,,,0,,0,0,$212.96,Sep-14-16,Dec-13-16,,9,"i3 rsocmu02lebkbul Mugen Racing Seat Office Chair Black & Blue Blue Stitches Rt","Other Shop Equipment",63700,,100,Unsold,Dec-14-16,
381772251810,868050,,,,0,,0,0,$166.00,Sep-14-16,Dec-13-16,,9,"i3 sbhd4run10bk 3in Side Step Bar - Black fit Toyota 4Runner 10-11","Nerf Bars & Running Boards",33650,,100,Unsold,Dec-14-16,
131939196397,868321,,,,0,,0,0,$10.35,Sep-14-16,Dec-13-16,,9,"i3 LBBW1157T253N4.8MM24LEDWW By15 24pc 3mm 4.8mm Combine LED Light Bulb  White",Other,172518,,100,Unsold,Dec-14-16,
131939196400,686426,,,,0,,0,0,"$1,169.98",Sep-14-16,Dec-13-16,,9,"Kooks 11327550 1 7/8"" x 3"" Steel Long Tube Headers w/ 1pr 12"" 02 Extension","Exhaust Manifolds & Headers",33632,,100,Unsold,Dec-14-16,
131939196405,868047,,,,0,,0,0,$173.80,Sep-14-16,Dec-13-16,,9,"i3 sbhd4run1020ch 3in Stainless Steel Side Step Bar - Chrome fit Toyota 4Runner","Nerf Bars & Running Boards",33650,,100,Unsold,Dec-14-16,
131939196409,868457,,,,0,,0,0,$10.80,Sep-14-16,Dec-13-16,,9,"i3 LBBW3157T253N7MM24LEDG 3157 24pc 3N7mm LED Light Bulb - Green",Other,172518,,100,Unsold,Dec-14-16,
131939196417,867392,,,,0,,0,0,$187.00,Sep-14-16,Dec-13-16,,9,"i3 sbhdf15004rc5bk 5in Stainless Steel Side Step Bar - Black fit Ford F-Series","Nerf Bars & Running Boards",33650,,100,Unsold,Dec-14-16,
311698188073,868584,,,,0,,0,0,$7.65,Sep-14-16,Dec-13-16,,9,"i3 LBBWFTS103MM9LED44MMWW 44mm Festoon 9pc 3mm LED Light Bulb - Warm White",Other,172518,,100,Unsold,Dec-14-16,
311698188075,867756,,,,0,,0,0,$346.25,Sep-14-16,Dec-13-16,,9,"i3 ffsil07lbpb4p Pocket Style 4pc Fender Flare - Black fit Chevrolet Silverado",Fenders,33644,,100,Unsold,Dec-14-16,
311698188078,867372,,,,0,,0,0,$167.20,Sep-14-16,Dec-13-16,,9,"i3 sbhddur04bk Stainless Steel Side Step Bar - Black fit Dodge Durango","Nerf Bars & Running Boards",33650,,100,Unsold,Dec-14-16,
311698188079,868676,,,,0,,0,0,$9.38,Sep-14-16,Dec-13-16,,9,"i3 LBBWWGT10302020SMDV Wedge 20pc 3020 LED Light Bulb - Violet",Other,172518,,100,Unsold,Dec-14-16,
311698188083,459289,,,,0,,0,0,$769.99,Sep-14-16,Dec-13-16,,9,"MBRP S5122304 Cat Back  4"" Single Rear - T304 fit RAM Trucks 04-06 8.3L","Exhaust Systems",33630,,100,Unsold,Dec-14-16,
381772251812,867576,,,,0,,0,0,$176.20,Sep-14-16,Dec-13-16,,9,"i3 sbhdtaco05dc20ch 3in Stainless Steel Side Step Bar - Chrome fit Toyota Tacoma","Nerf Bars & Running Boards",33650,,100,Unsold,Dec-14-16,
381772251815,868101,,,,0,,0,0,$175.10,Sep-14-16,Dec-13-16,,9,"i3 sbhdsil1125ccbkwb Side Step Bar - Black fit Chevrolet Silverado 11-15","Nerf Bars & Running Boards",33650,,100,Unsold,Dec-14-16,
381772251816,867967,,,,0,,0,0,$312.80,Sep-14-16,Dec-13-16,,9,"i3 fff15009sb4pes Pocket Style 4pc Fender Flare - Black fit Ford F-Series",Fenders,33644,,100,Unsold,Dec-14-16,
381772251817,558787,,,,0,,0,0,$559.23,Sep-14-16,Dec-13-16,,9,"Bosal 079-4177 Catalytic Converter fit Ford Mustang 05-07 L8 4.6L -cc",Other,42610,,100,Unsold,Dec-14-16,
381772251818,868221,,,,0,,0,0,$11.33,Sep-14-16,Dec-13-16,,9,"i3 lbbw1156t20505013smdv B15 13pc LED Light Bulb - Violet",Other,172518,,100,Unsold,Dec-14-16,
381772251821,868235,,,,0,,0,0,$17.18,Sep-14-16,Dec-13-16,,9,"i3 lbbw1156t25352880smdv B15 80pc 3528 LED Light Bulb - Violet",Other,172518,,100,Unsold,Dec-14-16,
381772251835,216808,,,,0,,0,0,$210.00,Sep-14-16,Dec-13-16,,9,"HPS 37-177BL Blue Cold Air Intake Kit Cool Long Ram CAI + K&N Filter","Air Intake Systems",38634,,100,Unsold,Dec-14-16,
131939196416,556537,,,,0,,0,0,$4.81,Sep-14-16,Dec-13-16,,9,"Bosal 256-515 Exhaust Pipe Flange Gasket fit Porsche 924 78-79 L4 2.0L 1983cc",Other,42610,,100,Unsold,Dec-14-16,
131939196470,867804,,,,0,,0,0,$170.30,Sep-14-16,Dec-13-16,,9,"i3 sbhdjpat07bkwb Side Step Bar - Black fit Jeep Patriot 07-14","Nerf Bars & Running Boards",33650,,100,Unsold,Dec-14-16,
131939196517,868320,,,,0,,0,0,$10.35,Sep-14-16,Dec-13-16,,9,"i3 lbbw1157t253N4.8mm24ledw By15 24pc 3mm And 4.8mm Combine LED Light Bulb White",Other,172518,,100,Unsold,Dec-14-16,
131939196530,868426,,,,0,,0,0,$15.65,Sep-14-16,Dec-13-16,,9,"i3 LBBW3157T20352868SMDY 3157 68pc 3528 LED Light Bulb - Yellow",Other,172518,,100,Unsold,Dec-14-16,
311698188092,867325,,,,0,,0,0,$322.93,Sep-14-16,Dec-13-16,,9,"i3 fff15004pb4p Pocket Style 4pc Fender Flare - Polish Black fit Ford F-Series",Fenders,33644,,100,Unsold,Dec-14-16,
311698188093,868252,,,,0,,0,0,$7.65,Sep-14-16,Dec-13-16,,9,"i3 LBBW1156T254.8MM12LEDB B15 12pc 4.8mm LED Light Bulb - Blue",Other,172518,,100,Unsold,Dec-14-16,
381772251831,867151,,,,0,,0,0,$171.40,Sep-14-16,Dec-13-16,,9,"i3 sbhdpilot0320ch Stainless Steel Side Step Bar - Chrome fit Acura MDX","Nerf Bars & Running Boards",33650,,100,Unsold,Dec-14-16,
381772251836,559207,,,,0,,0,0,$239.68,Sep-14-16,Dec-13-16,,9,"Bosal 099-117 Catalytic Converter fit Kia Sephia 94-97 L4 1.6L 1597cc",Other,42610,,100,Unsold,Dec-14-16,
381772251838,557841,,,,0,,0,0,$98.27,Sep-14-16,Dec-13-16,,9,"Bosal 228-843 Rear Exhaust Muffler fit Toyota Celica 86-86 L4 2.0L 1995cc",Other,42610,,100,Unsold,Dec-14-16,
381772251844,867128,,,,0,,0,0,$162.80,Sep-14-16,Dec-13-16,,9,"i3 sbhdescp0120ch 3in Stainless Steel Side Step Bar - Chrome fit Ford Escape","Nerf Bars & Running Boards",33650,,100,Unsold,Dec-14-16,
381772251845,868416,,,,0,,0,0,$16.66,Sep-14-16,Dec-13-16,,9,"i3 lbbw3157t20352860smddwa 3157 T20 Wedge 60pc 3528 Dual Color Function Switch",Other,172518,,100,Unsold,Dec-14-16,
131939196526,868765,,,,0,,0,0,$9.75,Sep-14-16,Dec-13-16,,9,"i3 lbbwwgt1050505smdtw Wedge 5pc 5050 High Power LED Light Bulb - White",Other,172518,,100,Unsold,Dec-14-16,
131939196527,459777,,,,0,,0,0,$29.99,Sep-14-16,Dec-13-16,,9,"MBRP T5132 Exhaust Tip 3.5"" OD 2.5"" Inlet 16"" Length Angled Cut Rolled End Weld",Other,42610,,100,Unsold,Dec-14-16,
131939196537,868625,,,,0,,0,0,$8.40,Sep-14-16,Dec-13-16,,9,"i3 lbbwfts85352816smd41mmw 41mm Festoon 16pc 3528 LED Light Bulb - White",Other,172518,,100,Unsold,Dec-14-16,
131939196538,867630,,,,0,,0,0,$173.15,Sep-14-16,Dec-13-16,,9,"i3 bghdexpl06bk Bull Guard - Black fit Ford Explorer 06-10",Grilles,33645,,100,Unsold,Dec-14-16,
131939196543,557024,,,,0,,0,0,$90.75,Sep-14-16,Dec-13-16,,9,"Bosal 787-995 Front Exhaust Pipe fit Audi 80 88-90 L4 2.0L 1983cc",Other,42610,,100,Unsold,Dec-14-16,
131939196545,867210,,,,0,,0,0,$165.60,Sep-14-16,Dec-13-16,,9,"i3 sbhdenvo02bk Stainless Steel Side Step Bar - Black fit GMC Envoy 02-10","Nerf Bars & Running Boards",33650,,100,Unsold,Dec-14-16,
311698188103,866801,,,,0,,0,0,$188.00,Sep-14-16,Dec-13-16,,9,"i3 sbhdram94qc20ch 3in Stainless Steel Side Step Bar - Chrome fit Dodge Ram","Nerf Bars & Running Boards",33650,,100,Unsold,Dec-14-16,
311698188105,867706,,,,0,,0,0,$166.80,Sep-14-16,Dec-13-16,,9,"i3 sbhdrav406bk 3in Side Step Bar - Black fit Toyota Rav 4 06-12","Nerf Bars & Running Boards",33650,,100,Unsold,Dec-14-16,
311698188120,557229,,,,0,,0,0,$101.83,Sep-14-16,Dec-13-16,,9,"Bosal 785-005 Front Exhaust Pipe fit Nissan/Datsun Stanza 86-88 L4 2.0L 1974cc",Other,42610,,100,Unsold,Dec-14-16,
311698188134,459730,,,,0,,0,0,$954.99,Sep-14-16,Dec-13-16,,9,"MBRP S9201409 Turbo Back  SMOKERS™ - T409 fit Ford F-Series 03-03 6.4L","Exhaust Manifolds & Headers",33632,,100,Unsold,Dec-14-16,
381772251851,459467,,,,0,,0,0,$669.99,Sep-14-16,Dec-13-16,,9,"MBRP S6022409 5"" Cat Back Single Side-T409 fit GMC 2500 01-05 Duramax 3500","Exhaust Systems",33630,,100,Unsold,Dec-14-16,
381772251855,867856,,,,0,,0,0,$143.90,Sep-14-16,Dec-13-16,,9,"i3 sbhdwran072dbk 3in Side Step Bar - Black fit Jeep Wrangler 07-12","Nerf Bars & Running Boards",33650,,100,Unsold,Dec-14-16,
381772251858,867218,,,,0,,0,0,$186.00,Sep-14-16,Dec-13-16,,9,"i3 sbhdexpl024dbk Stainless Steel Side Step Bar - Black fit Ford Explorer","Nerf Bars & Running Boards",33650,,100,Unsold,Dec-14-16,
131939196546,868467,,,,0,,0,0,$8.40,Sep-14-16,Dec-13-16,,9,"i3 LBBW3157T254.8MM19LEDP 3157 19pc 4.8mm LED Light Bulb - Pink",Other,172518,,100,Unsold,Dec-14-16,
131939196547,868217,,,,0,,0,0,$11.85,Sep-14-16,Dec-13-16,,9,"i3 LBBW1156T20505013SMDB B15 13pc LED Light Bulb - Blue",Other,172518,,100,Unsold,Dec-14-16,
131939196548,559508,,,,0,,0,0,$288.77,Sep-14-16,Dec-13-16,,9,"Bosal 099-275 Catalytic Converter fit Toyota Supra 87-92 L6 3.0L 2954cc",Other,42610,,100,Unsold,Dec-14-16,
131939196555,558367,,,,0,,0,0,$165.28,Sep-14-16,Dec-13-16,,9,"Bosal 169-623 Rear Exhaust Muffler fit Hyundai Sonata 02-05 L6 2.7L 2656cc",Other,42610,,100,Unsold,Dec-14-16,
131939196556,686432,,,,0,,0,0,$596.79,Sep-14-16,Dec-13-16,,9,"Kooks 11333210 2 1/2in x 2 1/2in OEM Exhaust Catted X Pipe fit Ford Mustang","Exhaust Pipes & Tips",33633,,100,Unsold,Dec-14-16,
131939196558,866895,,,,0,,0,0,$165.60,Sep-14-16,Dec-13-16,,9,"i3 sbhddur984dbk Stainless Steel Side Step Bar - Black fit Dodge Durango","Nerf Bars & Running Boards",33650,,100,Unsold,Dec-14-16,
131939196559,868375,,,,0,,0,0,$15.65,Sep-14-16,Dec-13-16,,9,"i3 LBBW3156T20352854SMDR 3156 54pc 3528 LED Light Bulb - Red",Other,172518,,100,Unsold,Dec-14-16,
131939196562,867021,,,,0,,0,0,$181.00,Sep-14-16,Dec-13-16,,9,"i3 sbhdram09qc20ch Stainless Steel 201 Side Step Bar - Chrome fit Dodge Ram","Nerf Bars & Running Boards",33650,,100,Unsold,Dec-14-16,
131939196565,559564,,,,0,,0,0,$203.67,Sep-14-16,Dec-13-16,,9,"Bosal 099-3722 Catalytic Converter fit Honda Accord 96-96 L4 2.2L 2156cc",Other,42610,,100,Unsold,Dec-14-16,
131939196569,867947,,,,0,,0,0,$184.00,Sep-14-16,Dec-13-16,,9,"i3 sbhdvera08bkwb Side Step Bar - Black fit Hyundai Veracruz 08-11","Nerf Bars & Running Boards",33650,,100,Unsold,Dec-14-16,
311698188121,867794,,,,0,,0,0,$24.13,Sep-14-16,Dec-13-16,,9,"i3 fgyar073dlobk Lower Grille - Black fit Toyota Yaris 07-08",Grilles,33645,,100,Unsold,Dec-14-16,
311698188143,868269,,,,0,,0,0,$9.38,Sep-14-16,Dec-13-16,,9,"i3 LBBW1157T20302022SMDA By15 22pc 3020 LED Light Bulb - Amber",Other,172518,,100,Unsold,Dec-14-16,
311698188144,867670,,,,0,,0,0,$150.35,Sep-14-16,Dec-13-16,,9,"i3 fggggrzrx33004vtch Vertical Front Grille - Chrome fit Lexus RX 300 06-06",Grilles,33645,,100,Unsold,Dec-14-16,
311698188159,866885,,,,0,,0,0,$121.41,Sep-14-16,Dec-13-16,,9,"i3 fggggrzgs30098vtch Vertical Style ABS Front Grille - Chrome fit Lexus GS 300",Grilles,33645,,100,Unsold,Dec-14-16,
381772251867,681416,,,,0,,0,0,$14.34,Sep-14-16,Dec-13-16,,9,"Sealed Power R-948 Engine Rocker Arm Kit fit Ford Bronco 85-92 L6 4.9L -cc","Rocker Arms & Parts",33624,,100,Unsold,Dec-14-16,
381772251872,866827,,,,0,,0,0,$178.90,Sep-14-16,Dec-13-16,,9,"i3 sbhdtaho9520ch 3in Stainless Steel Side Step Bar - Chrome fit Chevrolet Tahoe","Nerf Bars & Running Boards",33650,,100,Unsold,Dec-14-16,
381772251873,868255,,,,0,,0,0,$7.65,Sep-14-16,Dec-13-16,,9,"i3 lbbw1156t254.8mm12ledww B15 12pc 4.8mm LED Light Bulb - Warm White",Other,172518,,100,Unsold,Dec-14-16,
381772251874,868672,,,,0,,0,0,$9.75,Sep-14-16,Dec-13-16,,9,"i3 LBBWWGT10302020SMDB Wedge 20pc 3020 LED Light Bulb - Blue",Other,172518,,100,Unsold,Dec-14-16,
381772251877,868624,,,,0,,0,0,$8.40,Sep-14-16,Dec-13-16,,9,"i3 LBBWFTS85352816SMD41MMV 41mm Festoon 16pc 3528 LED Light Bulb - Violet",Other,172518,,100,Unsold,Dec-14-16,
381772251881,868651,,,,0,,0,0,$17.68,Sep-14-16,Dec-13-16,,9,"i3 LBBWH163WHP1SMDB H16 3 Watt High Power 1 pc LED Light Bulb - Blue",Other,172518,,100,Unsold,Dec-14-16,
381772251886,866749,,,,0,,0,0,$162.80,Sep-14-16,Dec-13-16,,9,"i3 sbhdf15080bk 3in Stainless Steel Side Step Bar - Black fit Ford Bronco","Nerf Bars & Running Boards",33650,,100,Unsold,Dec-14-16,
381772251887,868433,,,,0,,0,0,$16.20,Sep-14-16,Dec-13-16,,9,"i3 LBBW3157T203N5MM48LEDW 3157 48pc 3 & 5mm LED Light Bulb - White",Other,172518,,100,Unsold,Dec-14-16,
381772251894,867812,,,,0,,0,0,$219.40,Sep-14-16,Dec-13-16,,9,"i3 sbhdsil07cc4bkwb 4in Oval Straight Side Bar - Rock Panel Mount - Black","Nerf Bars & Running Boards",33650,,100,Unsold,Dec-14-16,
381772251897,868004,,,,0,,0,0,$196.60,Sep-14-16,Dec-13-16,,9,"i3 sbhdram09qcchwb S/S Side Step Bar - Chrome fit Dodge Ram 09-14","Nerf Bars & Running Boards",33650,,100,Unsold,Dec-14-16,
131939196564,867994,,,,0,,0,0,$168.30,Sep-14-16,Dec-13-16,,9,"i3 sbhdpilot0920ch 3in Stainless Steel Side Step Bar - Chrome fit Honda Pilot","Nerf Bars & Running Boards",33650,,100,Unsold,Dec-14-16,
131939196572,868718,,,,0,,0,0,$5.55,Sep-14-16,Dec-13-16,,9,"i3 lbbwwgt1035284smdw Wedge 4pc LED Light Bulb - White",Other,172518,,100,Unsold,Dec-14-16,
131939196577,867466,,,,0,,0,0,$67.90,Sep-14-16,Dec-13-16,,9,"i3 wk2evo8absbk ABS Vortex Generator Roof Spoiler - Black fit Mitsubishi Lancer","Spoilers & Wings",33638,,100,Unsold,Dec-14-16,
131939196578,557847,,,,0,,0,0,$181.05,Sep-14-16,Dec-13-16,,9,"Bosal 278-691 Left Exhaust Muffler fit Lexus LS 400 95-95 L8 4.0L 3967cc",Other,42610,,100,Unsold,Dec-14-16,
131939196580,216809,,,,0,,0,0,$210.00,Sep-14-16,Dec-13-16,,9,"HPS 37-177WB Black Cold Air Intake Kit Cool Long Ram CAI + K&N Filter","Air Intake Systems",38634,,100,Unsold,Dec-14-16,
311698188178,868308,,,,0,,0,0,$13.28,Sep-14-16,Dec-13-16,,9,"i3 lbbw1157t20505018smdw By15 18pc LED Light Bulb - White",Other,172518,,100,Unsold,Dec-14-16,
311698188183,868364,,,,0,,0,0,$10.35,Sep-14-16,Dec-13-16,,9,"i3 LBBW1157T25SF13LEDY By15 13pc Super Flux LED Light Bulb - Yellow",Other,172518,,100,Unsold,Dec-14-16,
311698188184,868368,,,,0,,0,0,$10.35,Sep-14-16,Dec-13-16,,9,"i3 LBBW30CM505015SMDR 30cm Waterproof Flexible LED Strip w/15pc 5050 LED - Red",Other,172518,,100,Unsold,Dec-14-16,
311698188186,867797,,,,0,,0,0,$174.60,Sep-14-16,Dec-13-16,,9,"i3 sbhdcx707bkwb Side Step Bar - Black fit Mazda CX-7 07-09","Nerf Bars & Running Boards",33650,,100,Unsold,Dec-14-16,
381772251901,868022,,,,0,,0,0,$165.20,Sep-14-16,Dec-13-16,,9,"i3 bghdsien11mb Bull Guard - Matte Black fit Toyota Sienna 10-11",Grilles,33645,,100,Unsold,Dec-14-16,
381772251903,868079,,,,0,,0,0,$313.60,Sep-14-16,Dec-13-16,,9,"i3 ffsie112500sb4pes Pocket Style 4pc Fender Flare - Sand Black fit GMC Sierra",Fenders,33644,,100,Unsold,Dec-14-16,
381772251905,868358,,,,0,,0,0,$8.40,Sep-14-16,Dec-13-16,,9,"i3 LBBW1157T254.8MM19LEDY By15 19pc 4.8mm LED Light Bulb - Yellow",Other,172518,,100,Unsold,Dec-14-16,
381772251907,867825,,,,0,,0,0,$176.40,Sep-14-16,Dec-13-16,,9,"i3 sbhdsil07rc5bbkwb 5Inch Oval Bent End Side Bar - Rock Panel Mount - Black","Nerf Bars & Running Boards",33650,,100,Unsold,Dec-14-16,
381772251910,868204,,,,0,,0,0,$13.28,Sep-14-16,Dec-13-16,,9,"i3 LBBW1156T20352842SMDB B15 42pc 3528 LED Light Bulb - Blue",Other,172518,,100,Unsold,Dec-14-16,
381772251913,867850,,,,0,,0,0,$174.30,Sep-14-16,Dec-13-16,,9,"i3 sbhdtun07dcbk Side Step Bar - Black fit Toyota Tundra 07-14","Nerf Bars & Running Boards",33650,,100,Unsold,Dec-14-16,
131939196574,559593,,,,0,,0,0,$189.30,Sep-14-16,Dec-13-16,,9,"Bosal 099-417 Catalytic Converter fit Subaru Justy 87-92 L3 1.2L 1189cc",Other,42610,,100,Unsold,Dec-14-16,
131939196586,868438,,,,0,,0,0,$13.28,Sep-14-16,Dec-13-16,,9,"i3 LBBW3157T20505018SMDG 3157 18pc 5050 LED Light Bulb - Green",Other,172518,,100,Unsold,Dec-14-16,
131939196589,868726,,,,0,,0,0,$6.45,Sep-14-16,Dec-13-16,,9,"i3 LBBWWGT103MM6LEDV Wedge 6pc 3mm LED Light Bulb - Violet",Other,172518,,100,Unsold,Dec-14-16,
131939196592,868459,,,,0,,0,0,$10.35,Sep-14-16,Dec-13-16,,9,"i3 LBBW3157T253N7MM24LEDR 3157 24pc 3N7mm LED Light Bulb - Red",Other,172518,,100,Unsold,Dec-14-16,
131939196594,867026,,,,0,,0,0,$159.60,Sep-14-16,Dec-13-16,,9,"i3 sbhdrang98xcbk Stainless Steel Side Step Bar - Black fit Ford Ranger","Nerf Bars & Running Boards",33650,,100,Unsold,Dec-14-16,
131939196595,867104,,,,0,,0,0,$176.60,Sep-14-16,Dec-13-16,,9,"i3 sbhdtaho00bk Stainless Steel Side Step Bar - Black fit Chevrolet Tahoe","Nerf Bars & Running Boards",33650,,100,Unsold,Dec-14-16,
131939196597,251521,,,,0,,0,0,$69.97,Sep-14-16,Dec-13-16,,9,"Sherman BPG-052 Left Hand Bodyside Molding P fit Chevrolet Blazer 00-06 Tahoe",Other,42611,,100,Unsold,Dec-14-16,
131939196605,868170,,,,0,,0,0,$10.08,Sep-14-16,Dec-13-16,,9,"i3 at010cfbu5st 5in Universal Car Radio Carbon Antenna Streetune Logo - Blue","Radio Antennas",169392,,100,Unsold,Dec-14-16,
311698188199,558891,,,,0,,0,0,$223.49,Sep-14-16,Dec-13-16,,9,"Bosal 079-5081 Right Catalytic Converter fit Buick Roadmaster 94-96 L8 5.7L -cc",Other,42610,,100,Unsold,Dec-14-16,
311698188207,557509,,,,0,,0,0,$134.04,Sep-14-16,Dec-13-16,,9,"Bosal 283-473 Center Exhaust Resonator Pipe fit Acura Integra 90-91 1.8L 1834cc",Other,42610,,100,Unsold,Dec-14-16,
311698188209,868850,,,,0,,0,0,$163.10,Sep-14-16,Dec-13-16,,9,"i3 rstsbkylr Type T Sport Series-Black/Yellow - Right Sport Seat - Indy",Seats,33701,,100,Unsold,Dec-14-16,
311698188220,867556,,,,0,,0,0,$166.00,Sep-14-16,Dec-13-16,,9,"i3 sbhdfron05kcbk 3in Stainless Steel Side Step Bar - Black","Nerf Bars & Running Boards",33650,,100,Unsold,Dec-14-16,
381772251921,867903,,,,0,,0,0,$169.58,Sep-14-16,Dec-13-16,,9,"i3 bghdhigh08bk Bull Guard - Black fit Toyota Highlander 08-10",Grilles,33645,,100,Unsold,Dec-14-16,
381772251926,868258,,,,0,,0,0,$8.40,Sep-14-16,Dec-13-16,,9,"i3 LBBW1156T254.8MM19LEDB B15 19pc 4.8mm LED Light Bulb - Blue",Other,172518,,100,Unsold,Dec-14-16,
381772251927,559178,,,,0,,0,0,$238.12,Sep-14-16,Dec-13-16,,9,"Bosal 099-095 Catalytic Converter fit BMW 3-Series 84-85 L4 1.8L 1766cc",Other,42610,,100,Unsold,Dec-14-16,
131939196611,867790,,,,0,,0,0,$140.16,Sep-14-16,Dec-13-16,,9,"i3 fgsssil0715comebk Upper/Lower 3pc SS Mesh Front Grille - Black",Grilles,33645,,100,Unsold,Dec-14-16,
131939196613,867798,,,,0,,0,0,$182.00,Sep-14-16,Dec-13-16,,9,"i3 sbhdedge0720ch Side Step Bar - Chrome fit Ford Edge 07-10 fit Lincoln MKX","Nerf Bars & Running Boards",33650,,100,Unsold,Dec-14-16,
131939196615,868398,,,,0,,0,0,$13.28,Sep-14-16,Dec-13-16,,9,"i3 LBBW3157T20352842SMDA 3157 42pc 3528 LED Light Bulb - Amber",Other,172518,,100,Unsold,Dec-14-16,
131939196617,867801,,,,0,,0,0,$166.80,Sep-14-16,Dec-13-16,,9,"i3 sbhdedge07bk Side Step Bar - Black fit Ford Edge 07-10 fit Lincoln MKX","Nerf Bars & Running Boards",33650,,100,Unsold,Dec-14-16,
131939196620,868516,,,,0,,0,0,$10.80,Sep-14-16,Dec-13-16,,9,"i3 LBBW7440T25352824SMDR 7440 24pc 3528 LED 3 Arms Light Bulb - Red",Other,172518,,100,Unsold,Dec-14-16,
131939196623,868792,,,,0,,0,0,$380.98,Sep-14-16,Dec-13-16,,9,"i3 rbwbf15015ccapsl Aluminum Pioneer Running Board - Silver fit Ford F-Series","Nerf Bars & Running Boards",33650,,100,Unsold,Dec-14-16,
131939196626,868071,,,,0,,0,0,$161.78,Sep-14-16,Dec-13-16,,9,"i3 bghdsil112500bk Bull Guard - Black fit Chevrolet Silverado 11-14",Grilles,33645,,100,Unsold,Dec-14-16,
311698188225,868354,,,,0,,0,0,$8.70,Sep-14-16,Dec-13-16,,9,"i3 lbbw1157t254.8mm19ledr By15 19pc 4.8mm LED Light Bulb - Red",Other,172518,,100,Unsold,Dec-14-16,
311698188227,686556,,,,0,,0,0,"$1,185.07",Sep-14-16,Dec-13-16,,9,"Kooks 22112600 2in x 3in BBC Long Tube Headers fit Chevrolet Camaro 67-69","Exhaust Manifolds & Headers",33632,,100,Unsold,Dec-14-16,
311698188228,686445,,,,0,,0,0,"$1,103.86",Sep-14-16,Dec-13-16,,9,"Kooks 11413320 3in x 3in OEM Exhaust Green Catted X Pipe fit Ford Mustang","Exhaust Pipes & Tips",33633,,100,Unsold,Dec-14-16,
311698188233,868437,,,,0,,0,0,$12.61,Sep-14-16,Dec-13-16,,9,"i3 LBBW3157T20505018SMDB Wedge 18pc 5050 LED Light Bulb - Blue",Other,172518,,100,Unsold,Dec-14-16,
381772251930,556733,,,,0,,0,0,$28.25,Sep-14-16,Dec-13-16,,9,"Bosal 751-771 Front Exhaust Pipe fit Honda Passport 94-95 L6 3.2L 3165cc",Other,42610,,100,Unsold,Dec-14-16,
381772251931,867504,,,,0,,0,0,$148.98,Sep-14-16,Dec-13-16,,9,"i3 fggggrfmus05fv6hbk GT Style Horizontal Grille w/Halo Fog Light And Bulbs",Grilles,33645,,100,Unsold,Dec-14-16,
381772251933,459809,,,,0,,0,0,$103.99,Sep-14-16,Dec-13-16,,9,"MBRP UM1211 Oval Muffler 3"" Single Inlet/2.25"" Dual Outlet 14"" Body Perforated",Mufflers,33636,,100,Unsold,Dec-14-16,
381772251944,867483,,,,0,,0,0,$280.00,Sep-14-16,Dec-13-16,,9,"i3 fffron05sbsb4pes Pocket Style 4pc Fender Flare - Sand Black",Fenders,33644,,100,Unsold,Dec-14-16,
381772251948,868481,,,,0,,0,0,$12.61,Sep-14-16,Dec-13-16,,9,"i3 LBBW7440T20352842SMDB Wedge 42pc 3528 LED Light Bulb - Blue",Other,172518,,100,Unsold,Dec-14-16,
381772251961,557397,,,,0,,0,0,$90.25,Sep-14-16,Dec-13-16,,9,"Bosal 171-465 Rear Exhaust Muffler fit Ford Festiva 88-93 L4 1.3L 1295cc",Other,42610,,100,Unsold,Dec-14-16,
131939196622,868450,,,,0,,0,0,$21.73,Sep-14-16,Dec-13-16,,9,"i3 lbbw3157t25352840smdr Wedge 40pc 3528 LED 5 Arms Light Bulb - Red",Other,172518,,100,Unsold,Dec-14-16,
131939196627,868132,,,,0,,0,0,$171.20,Sep-14-16,Dec-13-16,,9,"i3 sbhdsors14bkwb Side Step Bar - Black fit Kia Sorento 14-14","Nerf Bars & Running Boards",33650,,100,Unsold,Dec-14-16,
131939196629,867219,,,,0,,0,0,$194.20,Sep-14-16,Dec-13-16,,9,"i3 sbhdexpl024dmb 3in Side Step Bar - Matte Black fit Ford Explorer 02-05","Nerf Bars & Running Boards",33650,,100,Unsold,Dec-14-16,
131939196631,559506,,,,0,,0,0,$248.87,Sep-14-16,Dec-13-16,,9,"Bosal 099-271 Catalytic Converter fit Hyundai Excel 86-89 L4 1.5L 1468cc",Other,42610,,100,Unsold,Dec-14-16,
131939196634,868400,,,,0,,0,0,$12.61,Sep-14-16,Dec-13-16,,9,"i3 LBBW3157T20352842SMDG 3157 42pc 3528 LED Light Bulb - Green",Other,172518,,100,Unsold,Dec-14-16,
131939196636,459789,,,,0,,0,0,$34.99,Sep-14-16,Dec-13-16,,9,"MBRP T5144 Exhaust Tip 4"" OD 2.25"" Inlet 16"" Length Angled Cut Rolled End-T304","Exhaust Pipes & Tips",33633,,100,Unsold,Dec-14-16,
311698188241,868578,,,,0,,0,0,$7.43,Sep-14-16,Dec-13-16,,9,"i3 LBBWFTS103MM9LED44MMB 44mm Festoon 9pc 3mm LED Light Bulb - Blue",Other,172518,,100,Unsold,Dec-14-16,
311698188257,867226,,,,0,,0,0,$202.40,Sep-14-16,Dec-13-16,,9,"i3 sbhdram02qc20ch 3in Stainless Steel Side Step Bar - Chrome fit Dodge Ram","Nerf Bars & Running Boards",33650,,100,Unsold,Dec-14-16,
311698188260,867289,,,,0,,0,0,$185.60,Sep-14-16,Dec-13-16,,9,"i3 sbhdexped03bkwb Side Step Bar - Black fit Ford Expedition 03-14","Nerf Bars & Running Boards",33650,,100,Unsold,Dec-14-16,
311698188261,559411,,,,0,,0,0,$296.12,Sep-14-16,Dec-13-16,,9,"Bosal 099-1807 Catalytic Converter fit Mitsubishi Mirage 98-02 L4 1.5L 1468cc",Other,42610,,100,Unsold,Dec-14-16,
381772251955,868632,,,,0,,0,0,$8.70,Sep-14-16,Dec-13-16,,9,"i3 LBBWFTS8550506SMD31MMG 31mm Festoon 6pc 5050 LED Light Bulb - Green",Other,172518,,100,Unsold,Dec-14-16,
381772251957,868417,,,,0,,0,0,$16.66,Sep-14-16,Dec-13-16,,9,"i3 LBBW3157T20352860SMDDWY 3157 T20 Wedge 60pc 3528 Dual Color Function Switch",Other,172518,,100,Unsold,Dec-14-16,
381772251958,868696,,,,0,,0,0,$7.65,Sep-14-16,Dec-13-16,,9,"i3 LBBWWGT10352810SMDG Wedge 10pc 3528 LED Light Bulb - Green",Other,172518,,100,Unsold,Dec-14-16,
381772251959,868013,,,,0,,0,0,$55.80,Sep-14-16,Dec-13-16,,9,"i3 vsram09cc Window Visor 4pc fit Dodge Ram 09-14","Sun Visors",46102,,100,Unsold,Dec-14-16,
381772251962,868668,,,,0,,0,0,$7.65,Sep-14-16,Dec-13-16,,9,"i3 lbbwwgt101whp1smdw Wedge 1pc 1 Watt High Power LED Light Bulb - White",Other,172518,,100,Unsold,Dec-14-16,
381772251963,459297,,,,0,,0,0,$889.99,Sep-14-16,Dec-13-16,,9,"MBRP S5130304 3"" Cat Back  Dual Split Side - T304 fit Dodge Ram 06-13 5.7L","Exhaust Systems",33630,,100,Unsold,Dec-14-16,
381772251968,868463,,,,0,,0,0,$10.35,Sep-14-16,Dec-13-16,,9,"i3 LBBW3157T253N7MM24LEDY 3157 24pc 3N7mm LED Light Bulb - Yellow",Other,172518,,100,Unsold,Dec-14-16,
381772251969,867363,,,,0,,0,0,$159.40,Sep-14-16,Dec-13-16,,9,"i3 sbhdcolo04xc20ch 3in Stainless Steel Side Step Bar - Chrome fit GMC Canyon","Nerf Bars & Running Boards",33650,,100,Unsold,Dec-14-16,
381772251972,867802,,,,0,,0,0,$171.00,Sep-14-16,Dec-13-16,,9,"i3 sbhdfj0720ch 3in Stainless Steel Side Step Bar - Chrome fit Toyota FJ Cruiser","Nerf Bars & Running Boards",33650,,100,Unsold,Dec-14-16,
381772251977,867822,,,,0,,0,0,$159.20,Sep-14-16,Dec-13-16,,9,"i3 sbhdsil07rc4bbkwb 4in Oval Bent End Side Bar - Rock Panel Mount - Black","Nerf Bars & Running Boards",33650,,100,Unsold,Dec-14-16,
381772251978,868370,,,,0,,0,0,$10.80,Sep-14-16,Dec-13-16,,9,"i3 LBBW30CM505015SMDW 30cm Waterproof Flexible LED Strip w/15pc 5050 LED - White",Other,172518,,100,Unsold,Dec-14-16,
381772251979,867335,,,,0,,0,0,$60.36,Sep-14-16,Dec-13-16,,9,"i3 fggggrlan04mechbk Ralliart Style Grille w/Aluminum Mesh - Chrome",Grilles,33645,,100,Unsold,Dec-14-16,
381772251981,867149,,,,0,,0,0,$168.00,Sep-14-16,Dec-13-16,,9,"i3 sbhdhigh01bk Stainless Steel Side Step Bar - Black fit Toyota Highlander","Nerf Bars & Running Boards",33650,,100,Unsold,Dec-14-16,
131939196645,867845,,,,0,,0,0,$173.20,Sep-14-16,Dec-13-16,,9,"i3 sbhdtun07ccbk 3in Side Step Bar - Black fit Toyota Tundra 07-12","Nerf Bars & Running Boards",33650,,100,Unsold,Dec-14-16,
131939196657,216828,,,,0,,0,0,$235.00,Sep-14-16,Dec-13-16,,9,"HPS 37-516R Red Cold Air Intake Kit (Converts to Shortram) Cool Long Ram CAI","Air Intake Systems",38634,,100,Unsold,Dec-14-16,
131939196658,867044,,,,0,,0,0,$197.00,Sep-14-16,Dec-13-16,,9,"i3 sbhdsil99ccv2mb Stainless Steel Side Step Bar - Matte Black","Nerf Bars & Running Boards",33650,,100,Unsold,Dec-14-16,
131939196660,459341,,,,0,,0,0,$374.99,Sep-14-16,Dec-13-16,,9,"MBRP S5222409 Cat Back  Single Side Turn Down - T409 fit Ford F-Series","Exhaust Systems",33630,,100,Unsold,Dec-14-16,
311698188274,867025,,,,0,,0,0,$171.00,Sep-14-16,Dec-13-16,,9,"i3 sbhdrang98xc20ch 3in Stainless Steel Side Step Bar - Chrome fit Ford Ranger","Nerf Bars & Running Boards",33650,,100,Unsold,Dec-14-16,
311698188278,868504,,,,0,,0,0,$8.40,Sep-14-16,Dec-13-16,,9,"i3 LBBW7440T203N4.8MM15LEDY 7440 15pc 3&4.8mm LED Light Bulb - Yellow",Other,172518,,100,Unsold,Dec-14-16,
311698188280,868319,,,,0,,0,0,$10.35,Sep-14-16,Dec-13-16,,9,"i3 lbbw1157t253n4.8mm24ledr By15 24pc 3mm And 4.8mm Combine LED Light Bulb - Red",Other,172518,,100,Unsold,Dec-14-16,
381772251984,867497,,,,0,,0,0,$128.96,Sep-14-16,Dec-13-16,,9,"i3 fggggra405rssl RS Style Front Grille w/o Logo Base - Silver fit Audi A4",Grilles,33645,,100,Unsold,Dec-14-16,
381772251985,868478,,,,0,,0,0,$15.23,Sep-14-16,Dec-13-16,,9,"i3 LBBW50CM505030SMDW 50cm Waterproof Flexible LED Strip w/30pc 5050 LED - White",Other,172518,,100,Unsold,Dec-14-16,
381772251987,558239,,,,0,,0,0,$204.53,Sep-14-16,Dec-13-16,,9,"Bosal 291-815 Rear Exhaust Muffler fit BMW Z3 99-00 L6 2.5L 2494cc",Other,42610,,100,Unsold,Dec-14-16,
381772251990,684700,,,,0,,0,0,$22.21,Sep-14-16,Dec-13-16,,9,"Sealed Power V-4659 Engine Exhaust Valve fit Chevrolet Prizm 98-99 L4 1.8L -cc","Valves & Parts",33621,,100,Unsold,Dec-14-16,
381772251996,868251,,,,0,,0,0,$7.43,Sep-14-16,Dec-13-16,,9,"i3 lbbw1156t254.8mm12leda B15 12pc 4.8mm LED Light Bulb - Amber",Other,172518,,100,Unsold,Dec-14-16,
381772251997,459290,,,,0,,0,0,$609.99,Sep-14-16,Dec-13-16,,9,"MBRP S5122409 Cat Back  4"" Single Rear - T409 fit RAM Trucks 04-06 8.3L","Exhaust Systems",33630,,100,Unsold,Dec-14-16,
131939196663,559610,,,,0,,0,0,$277.60,Sep-14-16,Dec-13-16,,9,"Bosal 099-446 Front Catalytic Converter fit Mazda GLC 83-85 L4 1.5L 1490cc",Other,42610,,100,Unsold,Dec-14-16,
131939196669,867148,,,,0,,0,0,$175.80,Sep-14-16,Dec-13-16,,9,"i3 sbhdhigh0120ch 3in Stainless Steel Side Step Bar  fit Toyota Highlander","Nerf Bars & Running Boards",33650,,100,Unsold,Dec-14-16,
131939196671,686731,,,,0,,0,0,"$1,397.92",Sep-14-16,Dec-13-16,,9,"Kooks 31002500 1 7/8in x 2 x 3in with Merge Collector fit Chrysler 300",Other,42610,,100,Unsold,Dec-14-16,
131939196672,868469,,,,0,,0,0,$8.70,Sep-14-16,Dec-13-16,,9,"i3 LBBW3157T254.8MM19LEDV 3157 19pc 4.8mm LED Light Bulb - Violet",Other,172518,,100,Unsold,Dec-14-16,
311698188297,459535,,,,0,,0,0,$279.99,Sep-14-16,Dec-13-16,,9,"MBRP S6120TD 4"" Filter Back  Single Turn Down - T409 fit Dodge 2500 Pickup","Exhaust Systems",33630,,100,Unsold,Dec-14-16,
311698188300,686430,,,,0,,0,0,$488.29,Sep-14-16,Dec-13-16,,9,"Kooks 11333110 2 1/2in x 2 1/2in OEM Exhaust Off Road (No Cats) X Pipe","Exhaust Pipes & Tips",33633,,100,Unsold,Dec-14-16,
311698188301,867926,,,,0,,0,0,$116.05,Sep-14-16,Dec-13-16,,9,"i3 fggggrztland08mebk Bentley Style ABS Mesh Grille  fit Toyota Land Cruiser",Grilles,33645,,100,Unsold,Dec-14-16,
311698188303,868206,,,,0,,0,0,$13.28,Sep-14-16,Dec-13-16,,9,"i3 lbbw1156t20352842smdp B15 42pc 3528 LED Light Bulb - Pink",Other,172518,,100,Unsold,Dec-14-16,
311698188307,867352,,,,0,,0,0,$73.80,Sep-14-16,Dec-13-16,,9,"i3 fgmaz34damch ABS Front Grille w/Aluminum Mesh - Chrome fit Mazda 3 04-06",Grilles,33645,,100,Unsold,Dec-14-16,
311698188308,866984,,,,0,,0,0,$190.00,Sep-14-16,Dec-13-16,,9,"i3 sbhdf25099cc20ch 3in Stainless Steel Side Step Bar - Chrome fit Ford F-Series","Nerf Bars & Running Boards",33650,,100,Unsold,Dec-14-16,
311698188310,866941,,,,0,,0,0,$277.60,Sep-14-16,Dec-13-16,,9,"i3 ffsil99sb4pes Pocket Style 4pc Fender Flare  Black fit Chevrolet Silverado",Fenders,33644,,100,Unsold,Dec-14-16,
381772251994,557834,,,,0,,0,0,$127.60,Sep-14-16,Dec-13-16,,9,"Bosal 165-139 Rear Exhaust Muffler fit Hyundai Tiburon 97-97 L4 2.0L 1975cc",Other,42610,,100,Unsold,Dec-14-16,
381772251995,867847,,,,0,,0,0,$186.00,Sep-14-16,Dec-13-16,,9,"i3 sbhdtun07dc20ch Side Step Bar - Chrome fit Toyota Tundra 07-14","Nerf Bars & Running Boards",33650,,100,Unsold,Dec-14-16,
381772252005,868277,,,,0,,0,0,$12.61,Sep-14-16,Dec-13-16,,9,"i3 LBBW1157T20352842SMDG By15 42pc 3528 LED Light Bulb - Green",Other,172518,,100,Unsold,Dec-14-16,
381772252007,558252,,,,0,,0,0,$168.25,Sep-14-16,Dec-13-16,,9,"Bosal 171-169 Rear Exhaust Muffler fit Mazda Millenia 95-02 L6 2.3L 2254cc",Other,42610,,100,Unsold,Dec-14-16,
381772252009,868415,,,,0,,0,0,$14.25,Sep-14-16,Dec-13-16,,9,"i3 LBBW3157T20352845SMDY 3157 45pc 3528 LED Light Bulb - Yellow",Other,172518,,100,Unsold,Dec-14-16,
381772252018,867933,,,,0,,0,0,$146.93,Sep-14-16,Dec-13-16,,9,"i3 fggra308rsch RS Style Front Grille w/Logo Base - Chrome fit Audi A3",Grilles,33645,,100,Unsold,Dec-14-16,
131939196674,868673,,,,0,,0,0,$9.75,Sep-14-16,Dec-13-16,,9,"i3 LBBWWGT10302020SMDG Wedge 20pc 3020 LED Light Bulb - Green",Other,172518,,100,Unsold,Dec-14-16,
131939196679,867244,,,,0,,0,0,$195.20,Sep-14-16,Dec-13-16,,9,"i3 sbhdram02rc5mb 5in Oval Side Step Bar - Matte Black fit Dodge Ram 02-08","Nerf Bars & Running Boards",33650,,100,Unsold,Dec-14-16,
131939196681,868822,,,,0,,0,1,$170.60,Sep-14-16,Dec-13-16,,9,"i3 rssppvcorgl Type S Racing Seat Orange Orange Stitches Left Side - Leather",Seats,33701,,100,Unsold,Dec-14-16,
131939196683,868345,,,,0,,0,0,$7.43,Sep-14-16,Dec-13-16,,9,"i3 LBBW1157T254.8MM12LEDR By15 12pc 4.8mm LED Light Bulb - Red",Other,172518,,100,Unsold,Dec-14-16,
131939196684,868144,,,,0,,0,0,$180.20,Sep-14-16,Dec-13-16,,9,"i3 sbhdcolo15ccbkwb 3Inch Side Bar  Deg Bent End  fit Chevrolet Colorado","Nerf Bars & Running Boards",33650,,100,Unsold,Dec-14-16,
131939196685,868652,,,,0,,0,0,$17.68,Sep-14-16,Dec-13-16,,9,"i3 LBBWH163WHP1SMDW H16 3 Watt High Power 1 pc LED Light Bulb - White",Other,172518,,100,Unsold,Dec-14-16,
131939196688,868067,,,,0,,0,0,$169.58,Sep-14-16,Dec-13-16,,9,"i3 bghdhigh11bk Bull Guard - Black fit Toyota Highlander 11-13",Grilles,33645,,100,Unsold,Dec-14-16,
131939196691,867539,,,,0,,0,0,$207.80,Sep-14-16,Dec-13-16,,9,"i3 sbhddak05xc5mb 5in Oval Side Step Bar - Matte Black fit Dodge Dakota","Nerf Bars & Running Boards",33650,,100,Unsold,Dec-14-16,
311698188318,868552,,,,0,,0,0,$6.60,Sep-14-16,Dec-13-16,,9,"i3 LBBWFTS103MM4LED31MMG 31mm Festoon 4pc 3mm LED Light Bulb - Green",Other,172518,,100,Unsold,Dec-14-16,
311698188325,868811,,,,0,,0,0,$212.96,Sep-14-16,Dec-13-16,,9,"i3 rsocmu02lebkbur Mugen Racing Seat Office Chair Black & Blue Blue Stitches Rt","Other Shop Equipment",63700,,100,Unsold,Dec-14-16,
311698188330,459784,,,,0,,0,0,$29.99,Sep-14-16,Dec-13-16,,9,"MBRP T5139 Exhaust Tip 4"" OD 2.25"" Inlet 12"" Length Angled cut Rolled End Weld","Exhaust Pipes & Tips",33633,,100,Unsold,Dec-14-16,
311698188332,866898,,,,0,,0,0,$181.20,Sep-14-16,Dec-13-16,,9,"i3 sbhdml98bk Side Step Bar - Black fit Mercedes Benz M-Class 98-05","Nerf Bars & Running Boards",33650,,100,Unsold,Dec-14-16,
311698188333,868593,,,,0,,0,0,$7.65,Sep-14-16,Dec-13-16,,9,"i3 LBBWFTS85352812SMD31MMB 31mm Festoon 12pc 3528 LED Light Bulb - Blue",Other,172518,,100,Unsold,Dec-14-16,
311698188335,867803,,,,0,,0,0,$151.80,Sep-14-16,Dec-13-16,,9,"i3 sbhdfj07bk 3in Stainless Steel Side Step Bar - Chrome fit Toyota FJ Cruiser","Nerf Bars & Running Boards",33650,,100,Unsold,Dec-14-16,
381772252016,255642,,,,0,,0,0,$20.14,Sep-14-16,Dec-13-16,,9,"Sherman 3235-135-2 Right Hand Front Door Handle-Outer-Black Smooth fit Kia Rio","Exterior Door Handles",179851,,100,Unsold,Dec-14-16,
381772252020,868387,,,,0,,0,0,$12.61,Sep-14-16,Dec-13-16,,9,"i3 LBBW3156T253N5MM36LEDWW 3156 36pc 3N5mm LED Light Bulb - Warm White",Other,172518,,100,Unsold,Dec-14-16,
381772252022,559651,,,,0,,0,0,$527.63,Sep-14-16,Dec-13-16,,9,"Bosal 099-5331 Catalytic Converter fit Mercedes Benz 190 90-92 L6 2.6L 2599cc",Other,42610,,100,Unsold,Dec-14-16,
381772252026,868681,,,,0,,0,0,$12.61,Sep-14-16,Dec-13-16,,9,"i3 LBBWWGT10302042SMDB Wedge 42pc 3020 LED Light Bulb - Blue",Other,172518,,100,Unsold,Dec-14-16,
381772252028,868424,,,,0,,0,0,$15.65,Sep-14-16,Dec-13-16,,9,"i3 LBBW3157T20352868SMDW 3157 68pc 3528 LED Light Bulb - White",Other,172518,,100,Unsold,Dec-14-16,
381772252029,459209,,,,0,,0,0,$749.99,Sep-14-16,Dec-13-16,,9,"MBRP S5018304 Cat Back  Dual Split Side - T304 fit Chevrolet Silverado","Exhaust Systems",33630,,100,Unsold,Dec-14-16,
131939196690,868739,,,,0,,0,0,$10.80,Sep-14-16,Dec-13-16,,9,"i3 LBBWWGT10505013SMDA Wedge 13pc 5050 LED Light Bulb - Amber",Other,172518,,100,Unsold,Dec-14-16,
131939196692,867047,,,,0,,0,0,$148.60,Sep-14-16,Dec-13-16,,9,"i3 sbhdsil99rc20chjl 3in Stainless Steel 201 Side Step Bar - Chrome","Nerf Bars & Running Boards",33650,,100,Unsold,Dec-14-16,
131939196698,867330,,,,0,,0,0,$86.06,Sep-14-16,Dec-13-16,,9,"i3 fg300c05vtbk Rolls Royce Style Vertical Grille - Black fit Chrysler 300",Grilles,33645,,100,Unsold,Dec-14-16,
131939196703,868648,,,,0,,0,0,$9.75,Sep-14-16,Dec-13-16,,9,"i3 LBBWFTS8550509SMD44MMB 44mm Festoon 9pc 5050 LED Light Bulb - Blue",Other,172518,,100,Unsold,Dec-14-16,
131939196705,867395,,,,0,,0,0,$187.40,Sep-14-16,Dec-13-16,,9,"i3 sbhdf15004rcmb Side Step Bar - Matte Black fit Ford F-Series 04-08","Nerf Bars & Running Boards",33650,,100,Unsold,Dec-14-16,
131939196711,867854,,,,0,,0,0,$151.40,Sep-14-16,Dec-13-16,,9,"i3 sbhdwran072d20ch 3in Side Step Bar - Chrome fit Jeep Wrangler 07-12","Nerf Bars & Running Boards",33650,,100,Unsold,Dec-14-16,
311698188326,459786,,,,0,,0,0,$29.99,Sep-14-16,Dec-13-16,,9,"MBRP T5141 Exhaust Tip 3.5"" OD 2.25"" Inlet 16"" Length Angled Cut Rolled End-T304",Other,42610,,100,Unsold,Dec-14-16,
311698188334,867162,,,,0,,0,0,$184.00,Sep-14-16,Dec-13-16,,9,"i3 sbhdtaco01dcbk Stainless Steel Step Bar - Black fit Toyota Tacoma 01-04","Nerf Bars & Running Boards",33650,,100,Unsold,Dec-14-16,
311698188347,867022,,,,0,,0,0,$173.10,Sep-14-16,Dec-13-16,,9,"i3 sbhdram09qcbk Side Step Bar - Black fit Dodge Ram 99-14","Nerf Bars & Running Boards",33650,,100,Unsold,Dec-14-16,
381772252023,557439,,,,0,,0,0,$159.78,Sep-14-16,Dec-13-16,,9,"Bosal 855-477 Exhaust Pipe fit Isuzu Amigo 89-93 L4 2.3L 2254cc",Other,42610,,100,Unsold,Dec-14-16,
381772252027,867428,,,,0,,0,0,$179.40,Sep-14-16,Dec-13-16,,9,"i3 sbhdtun04dcbk 3in Side Step Bar - Black fit Toyota Tundra 04-06","Nerf Bars & Running Boards",33650,,100,Unsold,Dec-14-16,
381772252040,867098,,,,0,,0,0,$177.80,Sep-14-16,Dec-13-16,,9,"i3 sbhddak00qc20ch 3in Stainless Steel Side Step Bar - Chrome fit Dodge Dakota","Nerf Bars & Running Boards",33650,,100,Unsold,Dec-14-16,
381772252044,868381,,,,0,,0,0,$12.61,Sep-14-16,Dec-13-16,,9,"i3 LBBW3156T253N5MM36LEDB 3156 36pc 3N5mm LED Light Bulb - Blue",Other,172518,,100,Unsold,Dec-14-16,
131939196706,867791,,,,0,,0,0,$168.50,Sep-14-16,Dec-13-16,,9,"i3 fgsssil0715comech Upper/Lower 3pc SS Mesh Front Grille - Chrome",Grilles,33645,,100,Unsold,Dec-14-16,
131939196715,868749,,,,0,,0,0,$5.55,Sep-14-16,Dec-13-16,,9,"i3 LBBWWGT1050501SMDB Wedge 1pc 5050 LED Light Bulb - Blue",Other,172518,,100,Unsold,Dec-14-16,
311698188355,868587,,,,0,,0,0,$6.45,Sep-14-16,Dec-13-16,,9,"i3 LBBWFTS1050502SMD36MMB 36mm Festoon 2pc 5050 LED Light Bulb - Blue",Other,172518,,100,Unsold,Dec-14-16,
311698188357,868094,,,,0,,0,0,$122.63,Sep-14-16,Dec-13-16,,9,"i3 fgsstaco11mech Mesh Front Grille w/Logo Show - Main Upper 4 Pieces - Chrome",Grilles,33645,,100,Unsold,Dec-14-16,
311698188362,867426,,,,0,,0,0,$173.80,Sep-14-16,Dec-13-16,,9,"i3 sbhdtit04xcbk 3in Side Step Bar - Black fit Nissan/Datsun Titan 04-13","Nerf Bars & Running Boards",33650,,100,Unsold,Dec-14-16,
381772252049,868239,,,,0,,0,0,$9.38,Sep-14-16,Dec-13-16,,9,"i3 lbbw1156t253n4.8mm24leda B15 24pc 3mm And 4.8mm Combine LED Light Bulb Amber",Other,172518,,100,Unsold,Dec-14-16,
381772252053,868506,,,,0,,0,0,$13.28,Sep-14-16,Dec-13-16,,9,"i3 LBBW7440T20505018SMDB 7440 18pc 5050 LED Light Bulb - Blue",Other,172518,,100,Unsold,Dec-14-16,
381772252054,686365,,,,0,,0,0,$472.67,Sep-14-16,Dec-13-16,,9,"Kooks 11203120 3in Inlet x 3in Race Outlet Off Road (No Cats) Steel X Pipe","Exhaust Pipes & Tips",33633,,100,Unsold,Dec-14-16,
381772252055,459527,,,,0,,0,0,$564.99,Sep-14-16,Dec-13-16,,9,"MBRP S6118409 5"" Cat Back  Single Side Exit - T409 fit Dodge 2500 Pickup","Exhaust Systems",33630,,100,Unsold,Dec-14-16,
381772252062,868558,,,,0,,0,0,$6.45,Sep-14-16,Dec-13-16,,9,"i3 LBBWFTS103MM4LED31MMY 31mm Festoon 4pc 3mm LED Light Bulb - Yellow",Other,172518,,100,Unsold,Dec-14-16,
381772252071,868519,,,,0,,0,0,$15.65,Sep-14-16,Dec-13-16,,9,"i3 LBBW7443T20352868SMDB Wedge 68pc 3528 LED Light Bulb - Blue",Other,172518,,100,Unsold,Dec-14-16,
131939196725,866807,,,,0,,0,0,$163.70,Sep-14-16,Dec-13-16,,9,"i3 sbhdram94rcmb 3in Side Step Bar - Matte Black fit Dodge Ram 94-01","Nerf Bars & Running Boards",33650,,100,Unsold,Dec-14-16,
131939196758,459256,,,,0,,0,0,$914.99,Sep-14-16,Dec-13-16,,9,"MBRP S5066304 3"" Cat Back  Dual Split Side - T304 fit GMC Denali 07-10 6.2L","Exhaust Systems",33630,,100,Unsold,Dec-14-16,
381772252075,612103,,,,0,,0,0,$13.82,Sep-14-16,Dec-13-16,,9,"Wagner Brake H5638 Disc Brake Hardware Kit","Discs, Rotors & Hardware",33564,,100,Unsold,Dec-14-16,
131939196743,559616,,,,0,,0,0,$141.28,Sep-14-16,Dec-13-16,,9,"Bosal 099-453 Catalytic Converter fit Nissan/Datsun Pickup 86-89 L6 3.0L 2960cc",Other,42610,,100,Unsold,Dec-14-16,
131939196762,866907,,,,0,,0,0,$181.30,Sep-14-16,Dec-13-16,,9,"i3 sbhdvit99bkwb Side Step Bar - Black fit Suzuki Grand Vitara 98-05","Nerf Bars & Running Boards",33650,,100,Unsold,Dec-14-16,
131939196772,866970,,,,0,,0,0,$178.20,Sep-14-16,Dec-13-16,,9,"i3 sbhdf15099sc20ch 3in Stainless Steel Side Step Bar - Chrome fit Ford F-Series","Nerf Bars & Running Boards",33650,,100,Unsold,Dec-14-16,
131939196779,867065,,,,0,,0,0,$193.00,Sep-14-16,Dec-13-16,,9,"i3 sbhdsil99xcv220ch 3in Stainless Steel 201 Side Step Bar - Chrome","Nerf Bars & Running Boards",33650,,100,Unsold,Dec-14-16,
381772252080,682403,,,,0,,0,0,$19.03,Sep-14-16,Dec-13-16,,9,"Sealed Power V-4486 Engine Exhaust Valve fit Chrysler Cirrus 00-00 2.0L 1996cc","Valves & Parts",33621,,100,Unsold,Dec-14-16,
381772252087,258511,,,,0,,0,0,$21.54,Sep-14-16,Dec-13-16,,9,"Sherman 587-136BU Outer Ft Door Handle - Smooth Black fit Ford Escape 01-07","Exterior Door Handles",179851,,100,Unsold,Dec-14-16,
131939196797,867045,,,,0,,0,0,$193.70,Sep-14-16,Dec-13-16,,9,"i3 sbhdsil99ccv2sb 3in Side Step Bar - Graphite Black fit Chevrolet Silverado","Nerf Bars & Running Boards",33650,,100,Unsold,Dec-14-16,
311698188382,867625,,,,0,,0,0,$75.40,Sep-14-16,Dec-13-16,,9,"i3 wlmus05absbk ABS Quarter Side Window Louvers - Black fit Ford Mustang","Mouldings & Trim",33654,,100,Unsold,Dec-14-16,
381772252103,867817,,,,0,,0,0,$260.20,Sep-14-16,Dec-13-16,,9,"i3 sbhdsil07cc6bkwb 6in Oval Straight Side Bar - Rock Panel Mount - Black","Nerf Bars & Running Boards",33650,,100,Unsold,Dec-14-16,
381772252228,257464,,,,0,,0,0,$12.55,Sep-14-16,Dec-13-16,,9,"Sherman 901-504L Left Hand Tailgate Cable W/Metal Bed fit Chevrolet Silverado",Other,42611,,100,Unsold,Dec-14-16,
381818817468,264552,,,,0,,0,0,$777.41,Oct-18-16,Dec-13-16,,9,"BORLA 14999 Split Rear Cat-Back System fit Jeep Liberty 02-05 3.7L V6 AT/MT","Exhaust Systems",33630,,100,Unsold,Dec-14-16,
381338365771,733607,,,,0,,0,0,$38.07,Jul-22-15,Dec-13-16,,9,"Centric 121.35064 Br900612 Rotor","Discs, Rotors & Hardware",33564,,100,Unsold,Dec-14-16,
131562143017,733553,,,,0,,0,0,$27.51,Jul-22-15,Dec-13-16,,9,"Centric 121.35003 Standard Brake Rotor","Discs, Rotors & Hardware",33564,,100,Unsold,Dec-14-16,
311407713743,735052,,,,0,,0,0,$110.94,Jul-22-15,Dec-13-16,,9,"Centric 121.85002 Standard Brake Rotor","Discs, Rotors & Hardware",33564,,100,Unsold,Dec-14-16,
381338368573,735397,,,,0,,0,0,$35.45,Jul-22-15,Dec-13-16,,9,"Centric 123.42029 Bd920166 Drum","Drums & Hardware",33565,,100,Unsold,Dec-14-16,
311407714930,735296,,,,0,,0,0,$87.29,Jul-22-15,Dec-13-16,,9,"Centric 122.65035 Brake Drum","Drums & Hardware",33565,,100,Unsold,Dec-14-16,
131939256316,459281,,,,0,,0,0,$734.99,Sep-14-16,Dec-13-16,,9,"MBRP S5112304 3"" Cat Back  Dual Split Rear - T304 fit Dodge Ram 04-05","Exhaust Systems",33630,,100,Unsold,Dec-14-16,
131939256318,459611,,,,0,,0,0,$679.99,Sep-14-16,Dec-13-16,,9,"MBRP S6234409 5"" Turbo Back (Stock Cat)  Single Side Exit-T409 fit Ford F-Series","Exhaust Systems",33630,,100,Unsold,Dec-14-16,
131939256320,459235,,,,0,,0,0,$565.99,Sep-14-16,Dec-13-16,,9,"MBRP S5048409 Cat Back Dual Rear-T409 fit Chevrolet Colorado 04-12 2.8/2.9/3.5","Exhaust Systems",33630,,100,Unsold,Dec-14-16,
131939256400,459271,,,,0,,0,0,$569.99,Sep-14-16,Dec-13-16,,9,"MBRP S5102304 Cat Back  Single Side - T304 fit Dodge Ram 03-03 5.7L","Exhaust Systems",33630,,100,Unsold,Dec-14-16,
381772331625,459305,,,,0,,0,0,$464.99,Sep-14-16,Dec-13-16,,9,"MBRP S5140409 Cat Back  Single Side - T409 fit Dodge Dakota 08-12 3.7 / 4.7L","Exhaust Systems",33630,,100,Unsold,Dec-14-16,
381772331628,459630,,,,0,,0,0,$314.99,Sep-14-16,Dec-13-16,,9,"MBRP S6248TD 4"" Filter Back  Single Turn Down - T409 fit Ford F-Series","Exhaust Manifolds & Headers",33632,,100,Unsold,Dec-14-16,
131939256482,459416,,,,0,,0,0,$439.99,Sep-14-16,Dec-13-16,,9,"MBRP S5506409 Cat Back  Single Side - T409 fit Jeep Compass 07-08 AWD 2.4L","Exhaust Systems",33630,,100,Unsold,Dec-14-16,
311698234608,459321,,,,0,,0,0,$734.99,Sep-14-16,Dec-13-16,,9,"MBRP S5204304 3"" Cat Back  Dual Split Side-T304 fit Ford F-Series 04-08 4.6/5.4L","Exhaust Systems",33630,,100,Unsold,Dec-14-16,
381772331820,459417,,,,0,,0,0,$374.99,Sep-14-16,Dec-13-16,,9,"MBRP S5506AL Cat Back  Single Side - Aluminized Steel fit Jeep Compass Patriot","Exhaust Systems",33630,,100,Unsold,Dec-14-16,
311698234666,459590,,,,0,,0,0,$549.99,Sep-14-16,Dec-13-16,,9,"MBRP S6212TD 4"" Turbo Back  Off-Road  Single Turn Down - T409 fit Ford F-Series","Exhaust Manifolds & Headers",33632,,100,Unsold,Dec-14-16,
131939256678,459304,,,,0,,0,0,$759.99,Sep-14-16,Dec-13-16,,9,"MBRP S5140304 Cat Back  Single Side - T304 fit Dodge Dakota 08-12 3.7 / 4.7L","Exhaust Systems",33630,,100,Unsold,Dec-14-16,
381772332019,459609,,,,0,,0,0,$599.99,Sep-14-16,Dec-13-16,,9,"MBRP S6226409 5"" Cat Back Single Side Exit-T409 fit Ford F-Series 03-07 6.0L","Exhaust Systems",33630,,100,Unsold,Dec-14-16,
381772332064,459382,,,,0,,0,0,"$1,054.99",Sep-14-16,Dec-13-16,,9,"MBRP S5312304 Cat Back  Dual Split Rear - T304 fit Toyota Tundra 09-13","Exhaust Systems",33630,,100,Unsold,Dec-14-16,
381772332232,459275,,,,0,,0,0,$709.99,Sep-14-16,Dec-13-16,,9,"MBRP S5106304 3"" Cat Back  Dual Split Rear - T304 fit Dodge Ram 04-05 4.7L","Exhaust Systems",33630,,100,Unsold,Dec-14-16,
131988526327,401244,,,,0,,0,0,$115.56,Oct-31-16,Dec-13-16,,9,"Pilot Automotive PFG-2101 Performance Grille- Billet Style (PFG-2101-PIL)",Grilles,33645,,100,Unsold,Dec-14-16,
131656310991,372062,,,,0,,0,0,$291.06,Nov-19-15,Dec-13-16,,9,"A-1 CARDONE 79-0506 Remanufactured  Engine Control Computer fit Dodge Ram","Engine Computers",33596,,100,Unsold,Dec-14-16,
131656311108,365637,,,,0,,0,0,$376.57,Nov-19-15,Dec-13-16,,9,"A-1 CARDONE 72-5501 Remanufactured  Engine Control Computer fit Kia Rio","Engine Computers",33596,,100,Unsold,Dec-14-16,
311488733431,363570,,,,0,,0,0,$381.29,Nov-19-15,Dec-13-16,,9,"A-1 CARDONE 72-2221 Remanufactured  Engine Control Computer fit Honda Accord","Engine Computers",33596,,100,Unsold,Dec-14-16,
131656311396,381300,,,,0,,0,0,$45.73,Nov-19-15,Dec-13-16,,9,"A-1 CARDONE 19-431 Reman Rear Left Friction Choice Caliper fit BMW New Six","Caliper Parts",33563,,100,Unsold,Dec-14-16,
311488733619,382310,,,,0,,0,0,$87.69,Nov-19-15,Dec-13-16,,9,"A-1 CARDONE 19-993 Reman Front Left Friction Choice Caliper fit Subaru XT","Caliper Parts",33563,,100,Unsold,Dec-14-16,
131656311699,382973,,,,0,,0,0,$70.43,Nov-19-15,Dec-13-16,,9,"A-1 CARDONE 19-B1844 Reman Front Right Friction Choice Caliper w/Bracket","Caliper Parts",33563,,100,Unsold,Dec-14-16,
311636615471,508454-CSF-ES,,,,0,,0,0,$249.99,Jun-16-16,Dec-13-16,,9,"CSF 6009 Intercooler fit Dodge Ram 05-09 5.9/6.7L Turbo Diesel ****","Turbo Chargers & Parts",33742,,100,Unsold,Dec-14-16,
380938278242,512223,,,,0,,0,1,$31.38,Jun-27-14,Dec-13-16,,9,"Unity 251030 Rear Each Bare Shock Absorber fit Chevrolet Cobalt 05-10 4CYL 2.2L","Shocks & Struts",33590,,100,Unsold,Dec-14-16,
131227216929,512219,,,,0,,0,0,$29.26,Jun-27-14,Dec-13-16,,9,"Unity 250500 Rear Each Bare Strut fit Honda CR-V 97-01 L4-1972cc 2.0L","Shocks & Struts",33590,,100,Unsold,Dec-14-16,
380938278374,512268,,,,0,,0,0,$35.89,Jun-27-14,Dec-13-16,,9,"Unity 259401 Rear Each Bare Strut fit Hyundai Elantra 96-98 4 CYL-1.8L Tiburon","Shocks & Struts",33590,,100,Unsold,Dec-14-16,
310997738349,512244,,,,0,,0,0,$30.44,Jun-27-14,Dec-13-16,,9,"Unity 254020 Rear Each Bare Shock Absorber fit Toyota Tundra 07-09 4.7L V8","Shocks & Struts",33590,,100,Unsold,Dec-14-16,
131227217052,512215,,,,0,,0,1,$26.01,Jun-27-14,Dec-13-16,,9,"Unity 250200 Rear Each Bare Strut fit Honda Prelude 92-96 L4-2259cc 2.3L","Shocks & Struts",33590,,100,Unsold,Dec-14-16,
131227217104,512216,,,,0,,0,0,$27.84,Jun-27-14,Dec-13-16,,9,"Unity 250210 Rear Each Bare Strut fit Acura CL 97-97 L4-2156cc 2.2L","Shocks & Struts",33590,,100,Unsold,Dec-14-16,
131656318541,383795,,,,0,,0,0,$108.39,Nov-19-15,Dec-13-16,,9,"A-1 CARDONE 19-B3410 Reman Front Right Friction Choice Caliper w/Bracket","Caliper Parts",33563,,100,Unsold,Dec-14-16,
311488747850,384605,,,,0,,0,0,$116.59,Nov-19-15,Dec-13-16,,9,"A-1 CARDONE 60-1453 Remanufactured Rear Right Constant Velocity Drive Axle","CV & Parts",33729,,100,Unsold,Dec-14-16,
381471297359,387933,,,,0,,0,0,$436.01,Nov-19-15,Dec-13-16,,9,"A-1 CARDONE 26-1966 Reman - Hydraulic Power Steering Rack Pinon [Complete Unit]","Steering Racks & Gear Boxes",33589,,100,Unsold,Dec-14-16,
381471297493,387607,,,,0,,0,2,$124.32,Nov-19-15,Dec-13-16,,9,"A-1 CARDONE 22-303A Reman - Hydraulic Power Steering Rack Pinon [Complete Unit]","Steering Racks & Gear Boxes",33589,,100,Unsold,Dec-14-16,
311488750883,387863,,,,0,,0,0,$144.01,Nov-19-15,Dec-13-16,,9,"A-1 CARDONE 26-1852 Reman - Hydraulic Power Steering Rack Pinon [Complete Unit]","Steering Racks & Gear Boxes",33589,,100,Unsold,Dec-14-16,
131656322143,388087,,,,0,,0,0,$310.07,Nov-19-15,Dec-13-16,,9,"A-1 CARDONE 26-2415 Reman - Hydraulic Power Steering Rack Pinon [Complete Unit]","Steering Racks & Gear Boxes",33589,,100,Unsold,Dec-14-16,
131656322435,387774,,,,0,,0,0,$219.92,Nov-19-15,Dec-13-16,,9,"A-1 CARDONE 26-1680 Reman - Hydraulic Power Steering Rack Pinon [Complete Unit]","Steering Racks & Gear Boxes",33589,,100,Unsold,Dec-14-16,
131656322681,387849,,,,0,,0,0,$476.94,Nov-19-15,Dec-13-16,,9,"A-1 CARDONE 26-1818 Reman - Hydraulic Power Steering Rack Pinon [Complete Unit]","Steering Racks & Gear Boxes",33589,,100,Unsold,Dec-14-16,
381471298212,388058,,,,0,,0,0,$295.05,Nov-19-15,Dec-13-16,,9,"A-1 CARDONE 26-2306 Reman - Hydraulic Power Steering Rack Pinon [Complete Unit]","Steering Racks & Gear Boxes",33589,,100,Unsold,Dec-14-16,
131656322777,389461,,,,0,,0,0,$61.86,Nov-19-15,Dec-13-16,,9,"A-1 CARDONE 20-8612 Remanufactured Power Steering Pump fit Chevrolet C/K Pick-up","Power Steering Pumps & Parts",33588,,100,Unsold,Dec-14-16,
381338467449,740491,,,,0,,0,0,$11.92,Jul-22-15,Dec-13-16,,9,"Centric 138.42000 Clutch Slave","Clutches & Parts",33730,,100,Unsold,Dec-14-16,
131656324504,391688,,,,0,,0,1,$54.26,Nov-19-15,Dec-13-16,,9,"A-1 CARDONE 55-83816 New Select Water Pump fit Fiat 124 68-70","Water Pumps",33604,,100,Unsold,Dec-14-16,
381338467784,740082,,,,0,,0,0,$22.71,Jul-22-15,Dec-13-16,,9,"Centric 136.44800 Clutch Master","Clutches & Parts",33730,,100,Unsold,Dec-14-16,
381338467795,740843,,,,0,,0,0,$134.50,Jul-22-15,Dec-13-16,,9,"Centric 141.20036 Semi Load Caliper","Caliper Parts",33563,,100,Unsold,Dec-14-16,
381338467807,741339,,,,0,,0,0,$190.82,Jul-22-15,Dec-13-16,,9,"Centric 141.35192 Semi Load Caliper","Caliper Parts",33563,,100,Unsold,Dec-14-16,
381338468284,741246,,,,0,,0,0,$160.35,Jul-22-15,Dec-13-16,,9,"Centric 141.34599 Semi Load Caliper","Caliper Parts",33563,,100,Unsold,Dec-14-16,
311407812851,741333,,,,0,,0,0,$157.48,Jul-22-15,Dec-13-16,,9,"Centric 141.35170 Semi Load Caliper","Caliper Parts",33563,,100,Unsold,Dec-14-16,
311407813084,741395,,,,0,,0,0,$142.11,Jul-22-15,Dec-13-16,,9,"Centric 141.35607 Semi Load Caliper","Caliper Parts",33563,,100,Unsold,Dec-14-16,
311407813207,741168,,,,0,,0,0,$174.10,Jul-22-15,Dec-13-16,,9,"Centric 141.34111 Semi Load Caliper","Caliper Parts",33563,,100,Unsold,Dec-14-16,
311407813693,741243,,,,0,,0,0,$164.08,Jul-22-15,Dec-13-16,,9,"Centric 141.34589 Semi Load Caliper","Caliper Parts",33563,,100,Unsold,Dec-14-16,
311407814148,741071,,,,0,,0,0,$266.69,Jul-22-15,Dec-13-16,,9,"Centric 141.33586 Semi Load Caliper","Caliper Parts",33563,,100,Unsold,Dec-14-16,
131562215818,741203,,,,0,,0,0,$83.73,Jul-22-15,Dec-13-16,,9,"Centric 141.34539 Semi Load Caliper","Caliper Parts",33563,,100,Unsold,Dec-14-16,
381338473827,741965,,,,0,,0,0,$61.79,Jul-22-15,Dec-13-16,,9,"Centric 141.44033 Semi Load Caliper","Caliper Parts",33563,,100,Unsold,Dec-14-16,
381338473839,742693,,,,0,,0,0,$68.13,Jul-22-15,Dec-13-16,,9,"Centric 141.50205 Semi Load Caliper","Caliper Parts",33563,,100,Unsold,Dec-14-16,
311407820677,741501,,,,0,,0,0,$167.49,Jul-22-15,Dec-13-16,,9,"Centric 141.39057 Semi Load Caliper","Caliper Parts",33563,,100,Unsold,Dec-14-16,
131562219410,741920,,,,0,,0,0,$45.44,Jul-22-15,Dec-13-16,,9,"Centric 141.43004 Semi Load Caliper","Caliper Parts",33563,,100,Unsold,Dec-14-16,
131562219435,741873,,,,0,,0,0,$71.05,Jul-22-15,Dec-13-16,,9,"Centric 141.42543 Semi Load Caliper","Caliper Parts",33563,,100,Unsold,Dec-14-16,
311407821021,743908,,,,0,,0,0,$98.23,Jul-22-15,Dec-13-16,,9,"Centric 142.34054 Posi/Quiet Loaded Caliper","Caliper Parts",33563,,100,Unsold,Dec-14-16,
381338474264,741766,,,,0,,0,0,$84.19,Jul-22-15,Dec-13-16,,9,"Centric 141.42090 Semi Load Caliper","Caliper Parts",33563,,100,Unsold,Dec-14-16,
131562219802,743120,,,,0,,0,0,$71.56,Jul-22-15,Dec-13-16,,9,"Centric 141.62091 Semi Load Caliper","Caliper Parts",33563,,100,Unsold,Dec-14-16,
381338474298,742190,,,,0,,0,0,$101.70,Jul-22-15,Dec-13-16,,9,"Centric 141.44509 Semi Load Caliper","Caliper Parts",33563,,100,Unsold,Dec-14-16,
131562219812,741710,,,,0,,0,0,$75.29,Jul-22-15,Dec-13-16,,9,"Centric 141.42016 Semi Load Caliper","Caliper Parts",33563,,100,Unsold,Dec-14-16,
131562219849,742003,,,,0,,0,0,$49.17,Jul-22-15,Dec-13-16,,9,"Centric 141.44078 Semi Load Caliper","Caliper Parts",33563,,100,Unsold,Dec-14-16,
311407821156,743719,,,,0,,0,0,$134.37,Jul-22-15,Dec-13-16,,9,"Centric 142.20016 Posi/Quiet Loaded Caliper","Caliper Parts",33563,,100,Unsold,Dec-14-16,
381338474373,742071,,,,0,,0,0,$94.76,Jul-22-15,Dec-13-16,,9,"Centric 141.44157 Semi Load Caliper","Caliper Parts",33563,,100,Unsold,Dec-14-16,
381338474760,743014,,,,0,,0,0,$160.35,Jul-22-15,Dec-13-16,,9,"Centric 141.61172 Semi Load Caliper","Caliper Parts",33563,,100,Unsold,Dec-14-16,
311407821820,744081,,,,0,,0,0,$371.91,Jul-22-15,Dec-13-16,,9,"Centric 142.35579 Posi/Quiet Loaded Caliper","Caliper Parts",33563,,100,Unsold,Dec-14-16,
131562220714,743806,,,,0,,0,0,$387.23,Jul-22-15,Dec-13-16,,9,"Centric 142.33142 Posi/Quiet Loaded Caliper","Caliper Parts",33563,,100,Unsold,Dec-14-16,
381338475126,743708,,,,0,,0,0,$188.24,Jul-22-15,Dec-13-16,,9,"Centric 141.85503 Semi Load Caliper","Caliper Parts",33563,,100,Unsold,Dec-14-16,
311407822114,743808,,,,0,,0,0,$119.49,Jul-22-15,Dec-13-16,,9,"Centric 142.33144 Posi/Quiet Loaded Caliper","Caliper Parts",33563,,100,Unsold,Dec-14-16,
311407822764,742577,,,,0,,0,0,$45.44,Jul-22-15,Dec-13-16,,9,"Centric 141.47023 Semi Load Caliper","Caliper Parts",33563,,100,Unsold,Dec-14-16,
131562222100,743970,,,,0,,0,0,$128.29,Jul-22-15,Dec-13-16,,9,"Centric 142.35019 Posi/Quiet Loaded Caliper","Caliper Parts",33563,,100,Unsold,Dec-14-16,
131562238126,744532,,,,0,,0,0,$95.28,Jul-22-15,Dec-13-16,,9,"Centric 142.44139 Posi/Quiet Loaded Caliper","Caliper Parts",33563,,100,Unsold,Dec-14-16,
311407841143,744688,,,,0,,0,0,$175.66,Jul-22-15,Dec-13-16,,9,"Centric 142.44589 Posi/Quiet Loaded Caliper","Caliper Parts",33563,,100,Unsold,Dec-14-16,
131562238157,745185,,,,0,,0,0,$70.83,Jul-22-15,Dec-13-16,,9,"Centric 142.62130 Posi/Quiet Loaded Caliper","Caliper Parts",33563,,100,Unsold,Dec-14-16,
311407841239,744689,,,,0,,0,0,$168.91,Jul-22-15,Dec-13-16,,9,"Centric 142.44590 Posi/Quiet Loaded Caliper","Caliper Parts",33563,,100,Unsold,Dec-14-16,
381338488614,745237,,,,0,,0,0,$131.69,Jul-22-15,Dec-13-16,,9,"Centric 142.62552 Posi/Quiet Loaded Caliper","Caliper Parts",33563,,100,Unsold,Dec-14-16,
381338488644,744863,,,,0,,0,0,$124.83,Jul-22-15,Dec-13-16,,9,"Centric 142.46554 Posi/Quiet Loaded Caliper","Caliper Parts",33563,,100,Unsold,Dec-14-16,
131562238296,745531,,,,0,,0,0,$146.85,Jul-22-15,Dec-13-16,,9,"Centric 142.67506 Posi/Quiet Loaded Caliper","Caliper Parts",33563,,100,Unsold,Dec-14-16,
311407841335,744916,,,,0,,0,0,$111.73,Jul-22-15,Dec-13-16,,9,"Centric 142.48124 Posi/Quiet Loaded Caliper","Caliper Parts",33563,,100,Unsold,Dec-14-16,
131562238327,744708,,,,0,,0,0,$186.46,Jul-22-15,Dec-13-16,,9,"Centric 142.44615 Posi/Quiet Loaded Caliper","Caliper Parts",33563,,100,Unsold,Dec-14-16,
131562238378,744637,,,,0,,0,0,$175.41,Jul-22-15,Dec-13-16,,9,"Centric 142.44282 Posi/Quiet Loaded Caliper","Caliper Parts",33563,,100,Unsold,Dec-14-16,
381338488794,744709,,,,0,,0,0,$186.46,Jul-22-15,Dec-13-16,,9,"Centric 142.44616 Posi/Quiet Loaded Caliper","Caliper Parts",33563,,100,Unsold,Dec-14-16,
311407841481,744757,,,,0,,0,0,$210.71,Jul-22-15,Dec-13-16,,9,"Centric 142.45517 Posi/Quiet Loaded Caliper","Caliper Parts",33563,,100,Unsold,Dec-14-16,
381338488808,744649,,,,0,,0,0,$106.74,Jul-22-15,Dec-13-16,,9,"Centric 142.44529 Posi/Quiet Loaded Caliper","Caliper Parts",33563,,100,Unsold,Dec-14-16,
131562238480,744758,,,,0,,0,0,$210.71,Jul-22-15,Dec-13-16,,9,"Centric 142.45518 Posi/Quiet Loaded Caliper","Caliper Parts",33563,,100,Unsold,Dec-14-16,
131562238483,744931,,,,0,,0,0,$50.58,Jul-22-15,Dec-13-16,,9,"Centric 142.49014 Posi/Quiet Loaded Caliper","Caliper Parts",33563,,100,Unsold,Dec-14-16,
131562238552,744918,,,,0,,0,0,$115.20,Jul-22-15,Dec-13-16,,9,"Centric 142.48126 Posi/Quiet Loaded Caliper","Caliper Parts",33563,,100,Unsold,Dec-14-16,
311407842837,747094,,,,0,,0,0,$13.95,Jul-22-15,Dec-13-16,,9,"Centric 150.40006 Brake Hose","Brake Hoses",33561,,100,Unsold,Dec-14-16,
311407843046,746805,,,,0,,0,0,$21.11,Jul-22-15,Dec-13-16,,9,"Centric 150.33062 Brake Hose","Brake Hoses",33561,,100,Unsold,Dec-14-16,
381338498413,747529,,,,0,,0,0,$6.78,Jul-22-15,Dec-13-16,,9,"Centric 150.42377 Brake Hose","Brake Hoses",33561,,100,Unsold,Dec-14-16,
311407868675,749706,,,,0,,0,0,$23.50,Jul-22-15,Dec-13-16,,9,"Centric 150.66149 Brake Hose","Brake Hoses",33561,,100,Unsold,Dec-14-16,
381338513188,750532,,,,0,,0,0,$348.37,Jul-22-15,Dec-13-16,,9,"Centric 160.70726 Brake Power Booster","Master Cylinders & Parts",33566,,100,Unsold,Dec-14-16,
131562252737,750630,,,,0,,0,0,$170.45,Jul-22-15,Dec-13-16,,9,"Centric 160.80151 Brake Power Booster","Master Cylinders & Parts",33566,,100,Unsold,Dec-14-16,
131562253512,750693,,,,0,,0,0,$169.10,Jul-22-15,Dec-13-16,,9,"Centric 160.80429 Brake Power Booster","Master Cylinders & Parts",33566,,100,Unsold,Dec-14-16,
311407871387,754132,,,,0,,0,0,$4.39,Jul-22-15,Dec-13-16,,9,"Centric 602.11001 Suspension Bushing","Sway Bars",33592,,100,Unsold,Dec-14-16,
381338515354,752441,,,,0,,0,0,$158.50,Jul-22-15,Dec-13-16,,9,"Centric 303.62017 Clutch Slave","Clutches & Parts",33730,,100,Unsold,Dec-14-16,
131562254296,754382,,,,0,,0,0,$25.10,Jul-22-15,Dec-13-16,,9,"Centric 602.42046 Suspension Bushing","Strut Bars",33591,,100,Unsold,Dec-14-16,
131562254366,750779,,,,0,,0,0,$188.15,Jul-22-15,Dec-13-16,,9,"Centric 160.88123 Brake Power Booster","Master Cylinders & Parts",33566,,100,Unsold,Dec-14-16,
311407872259,750767,,,,0,,0,0,$163.55,Jul-22-15,Dec-13-16,,9,"Centric 160.88101 Brake Power Booster","Master Cylinders & Parts",33566,,100,Unsold,Dec-14-16,
131178060129,432308,,,,0,,0,0,$16.11,Apr-28-14,Dec-13-16,,9,"Four Seasons 39169 A/C Expansion Valve",Other,46094,,100,Unsold,Dec-14-16,
380894538504,432792,,,,0,,0,0,$71.69,Apr-28-14,Dec-13-16,,9,"Four Seasons 46023 Engine Cooling Fan Clutch","Fans & Kits",33600,,100,Unsold,Dec-14-16,
311488790561,394713,,,,0,,0,0,$30.72,Nov-19-15,Dec-13-16,,9,"A-1 CARDONE 58-167 Reman Water Pump fit Chevrolet Blazer 73-73 L6 4.8L -cc","Water Pumps",33604,,100,Unsold,Dec-14-16,
381471352290,396022,,,,0,,0,0,$110.38,Nov-19-15,Dec-13-16,,9,"A-1 CARDONE 74-60014 Remanufactured  Mass Air Flow Sensor fit Hyundai Elantra",Sensors,33557,,100,Unsold,Dec-14-16,
131656378357,876211,,,,0,,0,0,$95.41,Nov-19-15,Dec-13-16,,9,"A-1 CARDONE 66-3520 New Front Right Select Constant Velocity Drive Axle","CV & Parts",33729,,100,Unsold,Dec-14-16,
131656378520,877761,,,,0,,0,0,$282.10,Nov-19-15,Dec-13-16,,9,"A-1 CARDONE 79-8704V Remanufactured  Engine Control Computer fit Dodge Ram","Engine Computers",33596,,100,Unsold,Dec-14-16,
381471358868,876920,,,,0,,0,0,$376.57,Nov-19-15,Dec-13-16,,9,"A-1 CARDONE 72-30043 Remanufactured  Engine Control Computer","Engine Computers",33596,,100,Unsold,Dec-14-16,
131656378681,877762,,,,0,,0,0,$350.24,Nov-19-15,Dec-13-16,,9,"A-1 CARDONE 79-8730V Remanufactured  Engine Control Computer fit Dodge Ram","Engine Computers",33596,,100,Unsold,Dec-14-16,
381471359106,877884,,,,0,,0,0,$73.08,Nov-19-15,Dec-13-16,,9,"A-1 CARDONE 82-4554AR New Front Right Select Window Lift Motor w/Regulator","Window Motors & Parts",33706,,100,Unsold,Dec-14-16,
131562263552,756233,,,,0,,0,0,$6.37,Jul-22-15,Dec-13-16,,9,"Centric 606.51035 Sway Bar Link","Sway Bars",33592,,100,Unsold,Dec-14-16,
311407894529,754806,,,,0,,0,0,$14.34,Jul-22-15,Dec-13-16,,9,"Centric 602.61004 Suspension Bushing","Control Arms & Parts",33583,,100,Unsold,Dec-14-16,
131562263583,756505,,,,0,,0,0,$23.90,Jul-22-15,Dec-13-16,,9,"Centric 606.67040 Sway Bar Link","Sway Bars",33592,,100,Unsold,Dec-14-16,
381338530380,756077,,,,0,,0,0,$19.91,Jul-22-15,Dec-13-16,,9,"Centric 606.44058 Sway Bar Link","Sway Bars",33592,,100,Unsold,Dec-14-16,
311407894817,756198,,,,0,,0,0,$14.74,Jul-22-15,Dec-13-16,,9,"Centric 606.50019 Sway Bar Link","Sway Bars",33592,,100,Unsold,Dec-14-16,
131562263865,756016,,,,0,,0,0,$37.04,Jul-22-15,Dec-13-16,,9,"Centric 606.42075 Sway Bar Link","Sway Bars",33592,,100,Unsold,Dec-14-16,
311488800185,393801,,,,0,,0,0,$164.44,Nov-19-15,Dec-13-16,,9,"A-1 CARDONE 47-3496 Remanufactured Rear Right Window Lift Motor","Window Motors & Parts",33706,,100,Unsold,Dec-14-16,
311488800190,393735,,,,0,,0,0,$71.30,Nov-19-15,Dec-13-16,,9,"A-1 CARDONE 47-3416 Remanufactured Rear Right Window Lift Motor","Window Motors & Parts",33706,,100,Unsold,Dec-14-16,
131562263998,755875,,,,0,,0,0,$18.32,Jul-22-15,Dec-13-16,,9,"Centric 606.39010 Sway Bar Link","Sway Bars",33592,,100,Unsold,Dec-14-16,
311488800268,392526,,,,0,,0,0,$125.63,Nov-19-15,Dec-13-16,,9,"A-1 CARDONE 47-1169 Remanufactured Rear Right Window Lift Motor fit Toyota Echo","Window Motors & Parts",33706,,100,Unsold,Dec-14-16,
381471361377,393681,,,,0,,0,1,$120.91,Nov-19-15,Dec-13-16,,9,"A-1 CARDONE 47-3103R Remanufactured Front Right Window Lift Motor w/Regulator","Window Motors & Parts",33706,,100,Unsold,Dec-14-16,
131656381257,393137,,,,0,,0,0,$121.96,Nov-19-15,Dec-13-16,,9,"A-1 CARDONE 47-2016 Remanufactured Front Left Window Lift Motor","Window Motors & Parts",33706,,100,Unsold,Dec-14-16,
381471361733,394232,,,,0,,0,0,$35.27,Nov-19-15,Dec-13-16,,9,"A-1 CARDONE 57-1307 Remanufactured Water Pump fit Subaru Brat 79-79 FE Standard","Water Pumps",33604,,100,Unsold,Dec-14-16,
131656381648,393010,,,,0,,0,0,$94.35,Nov-19-15,Dec-13-16,,9,"A-1 CARDONE 47-1957 Remanufactured Front Left Window Lift Motor fit Eagle Summit","Window Motors & Parts",33706,,100,Unsold,Dec-14-16,
311488800637,392379,,,,0,,0,0,$346.19,Nov-19-15,Dec-13-16,,9,"A-1 CARDONE 47-10036 Reman Front Right Window Lift Motor fit Lexus ES 300","Window Motors & Parts",33706,,100,Unsold,Dec-14-16,
131656383139,394094,,,,0,,0,0,$34.33,Nov-19-15,Dec-13-16,,9,"A-1 CARDONE 57-1072 Remanufactured Water Pump fit BMW 5-Series 76-78 6-Series","Water Pumps",33604,,100,Unsold,Dec-14-16,
131562267506,758083,,,,0,,0,0,$25.49,Jul-22-15,Dec-13-16,,9,"Centric 612.42088 Tie Rod End","Tie Rod Linkages",33593,,100,Unsold,Dec-14-16,
131562267572,758550,,,,0,,0,0,$20.71,Jul-22-15,Dec-13-16,,9,"Centric 612.51030 Tie Rod End","Tie Rod Linkages",33593,,100,Unsold,Dec-14-16,
311407900162,758084,,,,0,,0,0,$24.69,Jul-22-15,Dec-13-16,,9,"Centric 612.42089 Tie Rod End","Tie Rod Linkages",33593,,100,Unsold,Dec-14-16,
131144254738,483860,,,,1,,2,5,$185.41,Mar-18-14,Dec-13-16,,9,"Hurst 5381101 Nitro Stick 2 Short",Shifters,33736,,100,Unsold,Dec-14-16,
131562268814,761015,,,,0,,0,0,$47.79,Jul-22-15,Dec-13-16,,9,"Centric 622.65065 Control Arm & Ball Joint","Control Arms & Parts",33583,,100,Unsold,Dec-14-16,
381471376664,875136,,,,0,,0,0,$65.64,Nov-19-15,Dec-13-16,,9,"A-1 CARDONE 47-45039R Remanufactured Rear Left Window Lift Motor w/Regulator","Window Motors & Parts",33706,,100,Unsold,Dec-14-16,
381471376725,875470,,,,0,,0,0,$104.06,Nov-19-15,Dec-13-16,,9,"A-1 CARDONE 60-5383 Remanufactured Front Left Constant Velocity Drive Axle","CV & Parts",33729,,100,Unsold,Dec-14-16,
311488812304,875430,,,,0,,0,0,$116.24,Nov-19-15,Dec-13-16,,9,"A-1 CARDONE 60-2279 Remanufactured Front Left Constant Velocity Drive Axle","CV & Parts",33729,,100,Unsold,Dec-14-16,
131656395951,874266,,,,0,,0,0,$72.77,Nov-19-15,Dec-13-16,,9,"A-1 CARDONE 43-1406 Remanufactured Front Wiper Motor fit Honda Civic 80-81","Windshield Wiper Systems",33657,,100,Unsold,Dec-14-16,
131656395965,874193,,,,0,,0,0,$57.66,Nov-19-15,Dec-13-16,,9,"A-1 CARDONE 42-3193 Remanufactured Front Right Window Lift Motor fit Ford Focus","Window Motors & Parts",33706,,100,Unsold,Dec-14-16,
131656396008,875477,,,,0,,0,0,$100.84,Nov-19-15,Dec-13-16,,9,"A-1 CARDONE 60-6300 Remanufactured Front Right Constant Velocity Drive Axle","CV & Parts",33729,,100,Unsold,Dec-14-16,
311488812481,874286,,,,0,,0,0,$92.21,Nov-19-15,Dec-13-16,,9,"A-1 CARDONE 43-1429 Remanufactured Front Wiper Motor fit Honda Prelude","Windshield Wiper Systems",33657,,100,Unsold,Dec-14-16,
131656396253,874213,,,,0,,0,0,$72.77,Nov-19-15,Dec-13-16,,9,"A-1 CARDONE 43-1114 Remanufactured Front Wiper Motor fit Chrysler Conquest","Windshield Wiper Systems",33657,,100,Unsold,Dec-14-16,
311488812931,874848,,,,0,,0,0,$156.53,Nov-19-15,Dec-13-16,,9,"A-1 CARDONE 43-4332 Remanufactured Front Wiper Motor fit Infiniti Q45 02-06","Windshield Wiper Systems",33657,,100,Unsold,Dec-14-16,
131656418690,868951,,,,0,,0,0,$54.15,Nov-19-15,Dec-13-16,,9,"A-1 CARDONE 10-1573M Remanufactured Master Cylinder fit Dodge Dart 74-75","Master Cylinders & Parts",33566,,100,Unsold,Dec-14-16,
131656418890,870852,,,,0,,0,0,$478.24,Nov-19-15,Dec-13-16,,9,"A-1 CARDONE 12-10216 Remanufactured ABS Control Module fit Ford Windstar","ABS System Parts",33560,,100,Unsold,Dec-14-16,
311488841306,868880,,,,0,,0,0,$67.53,Nov-19-15,Dec-13-16,,9,"A-1 CARDONE 10-1326 Remanufactured Master Cylinder fit Dodge Challenger Dart","Master Cylinders & Parts",33566,,100,Unsold,Dec-14-16,
311488841332,871356,,,,0,,0,0,$52.46,Nov-19-15,Dec-13-16,,9,"A-1 CARDONE 13-2862M New Select Master Cylinder fit Ford Explorer 02-02","Master Cylinders & Parts",33566,,100,Unsold,Dec-14-16,
381471408925,868914,,,,0,,0,0,$88.23,Nov-19-15,Dec-13-16,,9,"A-1 CARDONE 10-1423SPL Remanufactured Master Cylinder fit Chevrolet Camaro","Master Cylinders & Parts",33566,,100,Unsold,Dec-14-16,
381471409095,868934,,,,0,,0,0,$64.96,Nov-19-15,Dec-13-16,,9,"A-1 CARDONE 10-1516M Remanufactured Master Cylinder fit Dodge Dart 71-72","Master Cylinders & Parts",33566,,100,Unsold,Dec-14-16,
381471411568,873203,,,,0,,0,0,$17.96,Nov-19-15,Dec-13-16,,9,"A-1 CARDONE 1F-2002 New Select Camshaft Position Sensor fit Ford Aerostar","Electronic Ignition",33691,,100,Unsold,Dec-14-16,
381471412105,873754,,,,0,,0,0,$27.85,Nov-19-15,Dec-13-16,,9,"A-1 CARDONE 3R-317  Service Plus Power Steering Reservoir fit Hyundai Tiburon","Power Steering Pumps & Parts",33588,,100,Unsold,Dec-14-16,
131656422333,873755,,,,0,,0,0,$17.79,Nov-19-15,Dec-13-16,,9,"A-1 CARDONE 3R-320  Service Plus Power Steering Reservoir fit Hyundai Santa Fe","Power Steering Pumps & Parts",33588,,100,Unsold,Dec-14-16,
311488844394,873513,,,,0,,0,0,"$2,804.24",Nov-19-15,Dec-13-16,,9,"A-1 CARDONE 2H-313 Remanufactured Fuel Injection Pump fit Dodge Ram 00-02","Fuel Inject. Controls & Parts",33553,,100,Unsold,Dec-14-16,
381471412261,873542,,,,0,,0,0,"$2,129.69",Nov-19-15,Dec-13-16,,9,"A-1 CARDONE 2T-322 Remanufactured Turbocharger fit Dodge Sprinter 07-09","Turbo Chargers & Parts",33742,,100,Unsold,Dec-14-16,
132033313418,878373,,,,0,,0,0,$14.99,Dec-13-16,Dec-13-16,,9,"MSD Ignition 3716 Spark Plug fit Ford Expedition 04-08 Explorer 06-08 4.6L","Spark Plugs & Glow Plugs",33693,,100,Unsold,Dec-14-16,
